Unique_Advisor_Id,Month,AT1,AT2,AT5,AT6,AT7,AT9,AT11,AT12,AT13,AT16,AT17,AT22,AT25,AT26
1000103,2015 / 01,0,0,0,0,0,0,3,0,0,0,0,0,0,0
1000103,2015 / 02,0,0,0,0,0,0,0,0,0,0,0,3,0,0
1000103,2015 / 06,0,0,0,0,0,0,3,0,0,0,0,0,0,0
1000103,2015 / 06,0,0,0,0,0,0,0,0,0,0,3,0,0,0
1000103,2015 / 06,0,0,0,0,0,0,0,0,0,0,0,0,0,3
1000103,2015 / 09,0,0,0,0,0,0,0,0,3,0,0,0,0,0
1000103,2015 / 09,0,0,0,3,0,0,0,0,0,0,0,0,0,0
1000103,2015 / 10,0,0,0,0,0,0,0,0,0,0,0,3,0,0
1000103,2015 / 12,0,0,0,0,0,0,0,0,3,0,0,0,0,0
1000103,2016 / 02,0,0,0,0,0,0,0,0,0,0,0,0,0,6
1000103,2016 / 03,0,0,0,0,0,0,0,0,6,0,0,0,0,0
1000103,2016 / 04,0,0,0,0,0,0,0,0,3,0,0,0,0,0
1000103,2016 / 06,0,0,0,0,0,0,0,0,0,0,0,3,0,0
1000103,2016 / 07,0,0,0,0,0,0,0,0,0,0,0,0,3,0
1000103,2016 / 07,0,0,0,0,0,0,0,0,0,0,0,0,0,3
1000103,2016 / 08,0,0,0,0,0,0,0,0,3,0,0,0,0,0
1000103,2016 / 08,0,0,0,0,0,0,0,0,0,0,0,3,0,0
1000103,2016 / 08,0,0,0,0,0,0,0,0,0,0,0,0,3,0
1000103,2016 / 09,0,0,0,0,0,0,0,0,0,0,0,3,0,0
1000103,2016 / 10,0,0,0,0,0,0,0,0,0,0,0,0,0,3
1000103,2016 / 11,0,0,0,0,0,0,0,0,0,0,0,0,0,6
1000332,2015 / 02,0,0,0,0,0,0,0,0,0,0,0,3,0,0
1000332,2015 / 04,0,0,0,0,0,0,6,0,0,0,0,0,0,0
1000332,2015 / 04,0,0,0,0,0,0,0,0,0,0,0,3,0,0
1000332,2015 / 04,0,0,0,0,0,0,0,0,0,0,0,0,0,3
1000332,2015 / 05,0,0,0,0,0,0,0,0,0,0,0,0,0,3
1000332,2015 / 07,0,0,0,0,0,0,0,0,0,0,0,6,0,0
1000332,2015 / 08,0,0,0,0,0,0,0,0,0,0,0,0,0,3
1000332,2015 / 09,3,0,0,0,0,0,0,0,0,0,0,0,0,0
1000332,2015 / 09,0,0,0,0,0,0,0,0,0,0,0,3,0,0
1000332,2015 / 11,0,0,0,0,0,0,0,0,0,0,0,0,0,3
1000332,2016 / 01,3,0,0,0,0,0,0,0,0,0,0,0,0,0
1000332,2016 / 03,0,0,0,0,0,0,0,0,0,0,0,0,0,3
1000332,2016 / 05,0,0,0,0,0,0,0,0,0,0,0,0,0,3
1000367,2016 / 11,0,0,0,0,0,0,0,0,0,0,0,0,0,3
1000373,2015 / 03,0,0,0,0,0,0,3,0,0,0,0,0,0,0
1000373,2015 / 03,0,0,0,0,0,0,0,0,0,0,0,0,0,3
1000373,2015 / 05,0,0,0,0,0,0,0,0,0,0,0,0,0,3
1000373,2015 / 08,3,0,0,0,0,0,0,0,0,0,0,0,0,0
1000373,2015 / 08,0,0,0,0,0,0,0,0,0,0,0,0,3,0
1000373,2015 / 11,0,0,0,0,0,0,0,0,0,0,0,0,3,0
1000373,2016 / 01,0,0,0,0,0,0,0,0,0,0,0,0,3,0
1000373,2016 / 01,0,0,0,0,0,0,0,0,0,0,0,0,0,3
1000373,2016 / 03,0,0,0,0,0,0,0,0,0,0,0,0,3,0
1000373,2016 / 03,0,0,0,0,0,3,0,0,0,0,0,0,0,0
1000373,2016 / 05,0,0,0,0,0,0,0,0,0,0,0,0,0,6
1000373,2016 / 06,0,0,0,0,0,0,0,0,0,0,0,0,0,3
1000373,2016 / 07,0,0,0,0,0,0,0,0,0,0,0,0,0,3
1000373,2016 / 08,0,0,0,0,0,0,0,0,0,0,0,0,6,0
1000373,2016 / 09,0,0,0,0,0,0,0,0,0,0,0,0,0,6
1000373,2016 / 10,0,0,0,0,0,0,0,0,0,0,0,0,0,3
1000373,2016 / 11,0,0,0,0,0,0,0,0,0,0,0,0,3,0
1000373,2016 / 11,0,0,0,0,0,0,0,0,0,0,0,0,0,3
1000373,2016 / 12,0,0,0,0,0,0,0,0,0,0,0,0,0,3
1000474,2015 / 08,0,0,0,0,0,0,0,0,0,0,0,0,0,3
1000474,2016 / 02,0,0,0,0,0,0,0,0,0,0,0,0,0,3
1000474,2016 / 04,0,0,0,0,0,0,0,0,0,0,3,0,0,0
1000474,2016 / 04,0,0,0,0,0,0,0,0,0,0,0,0,0,3
1000474,2016 / 05,0,0,0,0,0,0,0,0,0,0,0,0,0,6
1000474,2016 / 06,0,0,0,0,0,0,0,0,0,0,0,0,0,3
1000474,2016 / 07,0,0,0,0,0,0,0,0,0,0,0,0,0,3
1000474,2016 / 08,0,0,0,0,0,0,0,0,0,0,0,0,3,0
1000474,2016 / 09,0,0,0,0,0,0,0,0,0,0,0,0,0,3
1000474,2016 / 10,0,0,0,0,0,0,0,0,0,0,0,0,3,0
1000474,2016 / 11,0,0,0,0,0,0,0,0,0,0,0,0,0,3
1000533,2015 / 02,0,0,0,0,0,0,0,0,0,0,0,0,0,3
1000533,2015 / 05,0,0,0,0,0,0,0,0,0,0,0,0,0,3
1000533,2015 / 06,0,0,0,0,0,0,3,0,0,0,0,0,0,0
1000533,2015 / 06,0,0,0,0,0,0,0,0,0,0,0,3,0,0
1000533,2015 / 08,0,0,0,0,0,0,0,0,0,0,0,0,0,3
1000533,2015 / 09,0,0,0,0,0,0,0,0,0,0,0,3,0,0
1000533,2015 / 12,0,0,0,0,0,0,0,0,0,0,0,0,0,3
1000533,2016 / 02,0,0,0,0,0,0,0,0,0,0,0,0,0,3
1000533,2016 / 03,0,0,0,0,0,0,0,0,0,0,0,0,0,3
1000533,2016 / 04,0,0,0,0,0,0,0,0,0,0,0,0,0,3
1000533,2016 / 06,0,0,0,0,0,0,0,0,0,0,0,0,0,3
1000533,2016 / 07,0,0,0,0,0,0,0,0,0,0,0,0,0,3
1000533,2016 / 09,0,0,0,0,0,0,0,0,0,0,0,0,3,0
1000533,2016 / 09,0,0,0,0,0,0,0,0,0,0,0,0,0,3
1000541,2015 / 08,0,0,0,0,0,0,0,0,0,0,0,0,0,3
1000541,2015 / 10,0,0,0,0,0,0,0,0,0,0,0,0,0,3
1000541,2016 / 02,0,0,0,0,0,0,0,0,0,0,0,0,0,3
1000541,2016 / 03,0,0,0,0,0,0,0,0,0,0,0,0,0,3
1000541,2016 / 04,0,0,0,0,0,0,0,0,0,0,0,0,0,6
1000541,2016 / 05,0,0,0,0,0,0,0,0,0,0,0,0,0,3
1000541,2016 / 06,0,0,0,0,0,0,0,0,0,0,0,0,0,3
1000541,2016 / 07,0,0,0,0,0,0,0,0,0,0,0,0,0,3
1000541,2016 / 08,0,0,0,0,0,0,0,0,0,0,0,0,0,3
1000541,2016 / 09,0,0,0,0,0,0,0,0,0,0,0,0,0,3
1000541,2016 / 10,0,0,0,0,0,0,0,0,0,0,0,0,0,3
1000541,2016 / 11,0,0,0,0,0,0,0,0,0,0,0,0,0,3
1000973,2015 / 02,0,0,0,0,0,0,3,0,0,0,0,0,0,0
1000973,2015 / 07,0,0,0,0,0,0,0,0,0,0,0,3,0,0
1000973,2015 / 07,0,0,0,0,0,0,0,0,0,0,0,0,3,0
1000973,2015 / 07,0,0,0,0,0,0,0,0,0,0,0,0,0,6
1000973,2015 / 08,0,0,0,0,0,0,0,0,0,0,0,0,0,15
1000973,2015 / 09,0,0,0,0,0,0,0,0,0,3,0,0,0,0
1000973,2015 / 09,0,0,0,0,0,0,0,0,0,0,0,0,0,3
1000973,2015 / 10,6,0,0,0,0,0,0,0,0,0,0,0,0,0
1000973,2015 / 10,0,0,0,0,0,0,0,0,0,0,0,3,0,0
1000973,2015 / 10,0,0,0,0,0,0,0,0,0,0,0,0,3,0
1000973,2015 / 10,0,0,0,0,0,0,0,0,0,0,0,0,0,3
1000973,2015 / 11,0,0,0,0,0,0,0,0,0,0,0,0,3,0
1000973,2015 / 12,3,0,0,0,0,0,0,0,0,0,0,0,0,0
1000973,2015 / 12,0,0,0,0,0,0,0,0,0,0,0,0,3,0
1000973,2016 / 01,3,0,0,0,0,0,0,0,0,0,0,0,0,0
1000973,2016 / 01,0,0,0,0,0,0,0,0,0,0,0,0,0,3
1000973,2016 / 02,0,0,0,0,0,0,0,0,0,0,0,0,0,3
1000973,2016 / 03,0,0,0,0,0,0,0,0,0,0,0,0,3,0
1000973,2016 / 04,0,0,0,0,0,0,0,0,0,0,0,0,3,0
1000973,2016 / 06,0,0,0,0,0,0,0,0,0,0,0,0,0,3
1000973,2016 / 07,0,0,0,0,0,0,0,0,0,0,0,0,3,0
1000973,2016 / 08,0,0,0,0,0,0,0,0,0,0,0,0,0,3
1000973,2016 / 09,0,0,0,0,0,0,0,0,0,3,0,0,0,0
1000973,2016 / 09,0,0,0,0,0,0,0,0,0,0,0,0,0,3
1000973,2016 / 11,0,0,0,0,0,0,0,0,0,0,0,0,3,0
1000973,2016 / 12,0,0,0,0,0,0,0,0,0,0,0,0,3,0
1001058,2015 / 08,3,0,0,0,0,0,0,0,0,0,0,0,0,0
1001058,2015 / 09,0,0,0,0,0,0,0,0,0,0,0,0,0,3
1001058,2015 / 11,0,0,0,0,0,0,0,0,0,0,0,0,0,3
1001058,2016 / 02,0,0,0,0,0,0,0,0,0,0,0,0,0,3
1001058,2016 / 03,0,0,0,0,0,0,0,0,0,0,0,0,0,3
1001058,2016 / 04,0,0,0,0,0,0,0,0,0,0,0,0,0,3
1001058,2016 / 05,3,0,0,0,0,0,0,0,0,0,0,0,0,0
1001058,2016 / 05,0,0,0,0,0,0,0,0,0,0,0,0,0,3
1001058,2016 / 06,0,0,0,0,0,0,3,0,0,0,0,0,0,0
1001058,2016 / 06,0,0,0,0,0,0,0,0,0,0,0,0,0,3
1001058,2016 / 07,0,0,0,0,0,0,3,0,0,0,0,0,0,0
1001058,2016 / 07,0,0,0,0,0,0,0,0,0,0,0,0,0,3
1001058,2016 / 08,0,0,0,0,0,0,3,0,0,0,0,0,0,0
1001058,2016 / 08,0,0,0,0,0,0,0,0,0,0,0,0,0,3
1001058,2016 / 09,0,0,0,0,0,0,9,0,0,0,0,0,0,0
1001058,2016 / 09,0,0,0,0,0,0,0,0,0,0,0,0,0,9
1001058,2016 / 10,0,0,0,0,0,0,3,0,0,0,0,0,0,0
1001058,2016 / 10,0,0,0,0,0,0,0,0,0,0,0,0,0,3
1001058,2016 / 11,0,0,0,0,0,0,0,0,0,0,0,0,3,0
1001118,2015 / 11,0,0,0,0,0,0,0,0,0,0,3,0,0,0
1001119,2016 / 03,0,0,0,0,0,0,0,0,3,0,0,0,0,0
1001233,2015 / 03,0,0,0,0,0,0,3,0,0,0,0,0,0,0
1001233,2015 / 03,0,0,0,0,0,0,0,0,0,0,0,0,0,3
1001233,2015 / 05,0,0,0,0,0,0,0,0,0,0,0,3,0,0
1001233,2015 / 07,0,0,0,0,0,0,0,0,0,0,0,0,0,3
1001233,2015 / 10,0,0,0,0,0,0,0,0,0,0,0,0,0,3
1001233,2016 / 01,0,0,0,0,0,0,0,0,0,0,0,0,0,3
1001233,2016 / 04,0,0,0,0,0,0,0,0,0,0,0,0,0,3
1001233,2016 / 07,0,0,0,0,0,0,0,0,0,0,0,0,0,3
1001478,2015 / 06,0,0,0,0,0,0,0,0,0,0,0,3,0,0
1001478,2015 / 08,0,0,0,0,0,0,0,0,0,0,0,0,0,3
1001478,2016 / 01,0,0,0,0,0,0,0,0,0,0,0,0,0,3
1001478,2016 / 02,0,0,0,0,0,0,0,0,0,0,0,3,0,0
1001478,2016 / 03,0,0,0,0,0,0,0,0,0,0,0,0,3,0
1001478,2016 / 03,0,0,0,0,0,0,0,0,0,0,0,0,0,3
1001478,2016 / 05,0,0,0,0,0,0,0,0,0,0,0,3,0,0
1001478,2016 / 05,0,0,0,0,0,0,0,0,0,0,0,0,0,3
1001478,2016 / 06,0,0,0,0,0,0,0,0,0,0,0,0,0,3
1001478,2016 / 07,0,0,0,0,0,0,0,0,0,0,0,0,0,3
1001478,2016 / 08,0,0,0,0,0,0,3,0,0,0,0,0,0,0
1001478,2016 / 08,0,0,0,0,0,0,0,0,0,0,0,0,3,0
1001478,2016 / 10,0,0,0,0,0,0,0,0,0,0,0,0,0,3
1001478,2016 / 11,0,0,0,0,0,0,0,0,0,0,0,0,0,6
1001667,2015 / 06,0,0,0,0,0,0,3,0,0,0,0,0,0,0
1001667,2015 / 06,0,0,0,0,0,0,0,0,0,0,0,0,3,0
1001667,2016 / 01,0,0,0,0,0,0,0,0,0,0,0,0,0,3
1001667,2016 / 03,0,0,0,0,0,0,0,0,0,0,0,3,0,0
1001667,2016 / 03,0,0,0,0,0,0,0,0,0,0,0,0,0,3
1001667,2016 / 08,0,0,0,0,0,0,0,0,0,0,0,0,0,3
1001667,2016 / 09,0,0,0,0,0,0,0,0,0,0,0,3,0,0
1001667,2016 / 10,0,0,0,0,0,0,0,0,0,0,0,0,0,3
1001667,2016 / 11,0,0,0,0,0,0,0,0,0,0,0,0,0,3
1001726,2015 / 06,0,0,0,0,0,0,0,0,0,0,0,0,0,3
1001726,2015 / 10,0,0,0,0,0,0,0,0,0,0,0,0,0,3
1001726,2016 / 02,0,0,0,0,0,0,0,0,0,0,0,0,0,3
1001726,2016 / 03,0,0,0,0,0,0,0,0,0,0,0,3,0,0
1001726,2016 / 04,0,0,0,0,0,0,0,0,0,0,0,0,0,3
1001726,2016 / 05,0,0,0,0,0,0,0,0,0,0,0,0,3,0
1001726,2016 / 05,0,0,0,0,0,0,0,0,0,0,0,0,0,3
1001726,2016 / 06,0,0,0,0,0,0,0,0,0,0,0,0,6,0
1001726,2016 / 09,0,0,0,0,0,0,0,0,0,0,0,3,0,0
1001726,2016 / 09,0,0,0,0,0,0,0,0,0,0,0,0,3,0
1001726,2016 / 11,0,0,0,0,0,0,0,0,0,0,0,0,3,0
1001726,2016 / 11,0,0,0,0,0,0,0,0,0,0,0,0,0,6
1001991,2015 / 06,0,0,0,0,0,0,0,0,0,0,0,0,3,0
1001991,2015 / 11,0,0,0,0,0,0,0,0,0,0,0,0,0,3
1001991,2016 / 01,0,0,0,0,0,0,0,0,0,0,0,0,0,3
1001991,2016 / 03,0,0,0,0,0,0,0,0,0,0,0,0,0,3
1001991,2016 / 06,0,0,0,0,0,0,0,0,0,0,0,0,0,3
1001991,2016 / 09,0,0,0,0,0,0,0,0,0,0,0,0,0,3
1001991,2016 / 11,0,0,0,0,0,0,0,0,0,0,0,0,0,3
1002121,2015 / 04,0,0,0,0,0,0,0,0,0,0,0,0,0,3
1002121,2015 / 07,0,0,0,0,0,0,0,0,0,0,0,0,0,6
1002121,2015 / 08,0,0,0,0,0,0,0,0,0,0,0,0,0,3
1002121,2015 / 10,0,0,0,0,0,0,0,0,0,0,0,0,0,3
1002121,2016 / 01,0,0,0,0,0,0,0,0,0,0,0,0,0,3
1002121,2016 / 04,0,0,0,0,0,0,0,0,0,0,0,0,0,3
1002121,2016 / 08,0,0,0,0,0,0,0,0,0,0,0,0,0,3
1002143,2015 / 01,0,0,0,0,0,0,0,0,0,0,3,0,0,0
1002143,2015 / 06,0,0,0,0,0,0,0,0,0,0,0,3,0,0
1002143,2015 / 08,0,0,0,0,0,0,0,0,0,0,0,0,0,3
1002143,2015 / 11,0,0,0,0,0,0,0,0,0,0,0,0,0,3
1002143,2015 / 12,0,0,0,0,0,0,0,0,6,0,0,0,0,0
1002143,2015 / 12,0,0,0,0,0,0,0,0,0,0,0,0,0,3
1002143,2016 / 01,0,0,0,0,0,0,0,0,0,0,0,0,0,3
1002143,2016 / 03,0,0,0,0,0,0,0,0,0,0,0,0,0,3
1002143,2016 / 06,0,0,0,0,0,0,0,0,0,0,0,0,0,3
1002143,2016 / 09,0,0,0,0,0,0,0,0,0,0,0,0,0,3
1002143,2016 / 10,0,0,0,0,0,0,0,0,0,0,0,0,0,3
1002143,2016 / 11,0,0,0,0,0,0,0,0,0,0,0,0,0,6
1002171,2015 / 03,0,0,0,0,0,0,3,0,0,0,0,0,0,0
1002171,2015 / 03,0,0,0,0,0,0,0,0,0,0,0,0,0,3
1002171,2015 / 05,0,0,0,0,0,0,0,0,0,0,0,3,0,0
1002171,2015 / 08,0,0,0,0,0,0,0,0,0,0,0,0,6,0
1002171,2016 / 01,0,0,0,0,0,0,0,0,0,0,0,0,0,3
1002171,2016 / 03,0,0,0,0,0,0,0,0,0,0,0,0,0,3
1002171,2016 / 08,0,0,0,0,0,0,0,0,0,0,0,0,0,3
1002171,2016 / 10,0,0,0,0,0,0,0,0,0,0,0,0,0,3
1002337,2015 / 04,0,0,0,0,0,0,0,0,0,0,0,0,0,3
1002337,2015 / 05,0,0,0,0,0,0,0,0,0,0,0,3,0,0
1002337,2015 / 07,0,0,0,0,0,0,0,0,0,0,0,0,0,3
1002337,2015 / 11,0,0,0,0,0,0,0,0,0,0,0,3,0,0
1002337,2015 / 11,0,0,0,0,0,0,0,0,0,0,0,0,0,3
1002337,2016 / 01,0,0,0,0,0,0,0,0,0,0,0,0,0,6
1002337,2016 / 02,0,0,0,0,0,0,0,0,0,0,0,0,0,3
1002337,2016 / 03,0,0,0,0,0,0,0,0,0,0,0,0,0,3
1002337,2016 / 05,0,0,0,0,0,0,0,0,0,0,0,3,0,0
1002337,2016 / 07,0,0,0,0,0,0,0,0,0,0,0,0,0,6
1002337,2016 / 09,0,0,0,0,0,0,0,0,0,0,0,0,0,3
1002337,2016 / 11,0,0,0,0,0,0,0,0,0,0,0,0,0,3
1002799,2015 / 04,0,0,0,0,0,0,0,0,0,0,0,0,0,3
1002799,2015 / 06,0,0,0,0,0,0,0,0,0,0,0,0,0,3
1002799,2016 / 01,0,0,0,0,0,0,0,0,0,0,0,0,0,3
1002799,2016 / 03,0,0,0,0,0,0,0,0,0,0,0,0,0,3
1002799,2016 / 06,0,0,0,0,0,0,0,0,0,0,0,0,0,3
1002799,2016 / 08,0,0,0,0,0,0,0,0,0,0,0,0,0,3
1002821,2015 / 07,3,0,0,0,0,0,0,0,0,0,0,0,0,0
1002821,2016 / 09,0,0,0,0,0,0,0,0,0,0,0,0,0,3
1002821,2016 / 11,0,0,0,0,0,0,3,0,0,0,0,0,0,0
1002821,2016 / 11,0,0,0,0,0,0,0,0,0,0,0,0,0,3
1002831,2015 / 05,0,0,0,0,0,0,0,0,0,0,0,6,0,0
1002831,2015 / 07,0,0,0,0,0,0,0,0,0,3,0,0,0,0
1002831,2015 / 07,0,0,0,0,0,0,0,0,0,0,0,0,0,3
1002831,2015 / 09,0,0,0,0,0,0,0,0,0,3,0,0,0,0
1002831,2015 / 11,0,0,0,0,0,0,0,0,0,0,0,3,0,0
1002831,2015 / 11,0,0,0,0,0,0,0,0,0,0,0,0,3,0
1002831,2016 / 05,0,0,0,0,0,0,0,0,0,3,0,0,0,0
1002831,2016 / 06,0,0,0,0,0,0,0,0,0,0,0,0,0,3
1002831,2016 / 08,0,0,0,0,0,0,0,0,0,3,0,0,0,0
1002831,2016 / 10,0,0,0,0,0,0,0,0,0,0,0,0,3,0
1002831,2016 / 10,0,0,3,0,0,0,0,0,0,0,0,0,0,0
1002920,2015 / 06,0,0,0,0,0,0,0,0,0,0,0,0,0,3
1002920,2016 / 03,0,0,0,0,0,0,0,0,0,0,0,0,0,3
1002920,2016 / 04,0,0,0,0,0,0,0,0,0,0,0,0,0,3
1002920,2016 / 05,0,0,0,0,0,0,0,0,0,0,0,0,0,6
1002920,2016 / 06,0,0,0,0,0,0,0,0,0,0,0,0,0,3
1002920,2016 / 07,0,0,0,0,0,0,0,0,0,0,0,0,0,3
1002920,2016 / 08,0,0,0,0,0,0,0,0,0,0,0,0,0,3
1002920,2016 / 09,0,0,0,0,0,0,0,0,0,0,0,0,0,3
1002920,2016 / 10,0,0,0,0,0,0,0,0,0,0,0,0,0,3
1002920,2016 / 11,0,0,0,0,0,0,0,0,0,0,0,0,0,3
1003233,2015 / 06,0,0,0,0,0,0,3,0,0,0,0,0,0,0
1003233,2015 / 06,0,0,0,0,0,0,0,0,0,0,0,0,0,3
1003233,2015 / 11,0,0,0,0,0,0,0,0,0,0,0,0,0,3
1003233,2016 / 01,0,0,0,0,0,0,0,0,0,0,0,0,0,3
1003233,2016 / 02,0,0,0,0,0,0,0,0,0,0,0,0,0,6
1003233,2016 / 04,0,0,0,0,0,0,0,0,0,0,0,0,0,3
1003233,2016 / 05,0,0,0,0,0,0,0,0,0,0,0,0,0,9
1003233,2016 / 06,0,0,0,0,0,0,0,0,0,0,0,0,0,6
1003233,2016 / 07,0,0,0,0,0,0,0,0,0,0,0,0,0,3
1003233,2016 / 08,0,0,0,0,0,0,0,0,0,0,0,0,0,3
1003233,2016 / 09,0,0,0,0,0,0,0,0,0,0,0,3,0,0
1003233,2016 / 09,0,0,0,0,0,0,0,0,0,0,0,0,0,3
1003233,2016 / 10,0,0,0,0,0,0,0,0,0,0,0,0,3,0
1003233,2016 / 11,0,0,0,0,0,0,0,0,0,0,0,0,0,6
1003335,2015 / 02,0,0,0,0,0,0,3,0,0,0,0,0,0,0
1003335,2015 / 02,0,0,0,0,0,0,0,0,0,0,0,3,0,0
1003335,2015 / 04,0,0,0,0,0,0,3,0,0,0,0,0,0,0
1003335,2015 / 04,0,0,0,0,0,0,0,0,0,0,0,0,3,0
1003335,2015 / 05,0,0,0,0,0,0,0,0,0,0,0,3,0,0
1003335,2015 / 05,0,0,0,0,0,0,0,0,0,0,0,0,0,3
1003335,2015 / 06,0,0,0,0,0,0,3,0,0,0,0,0,0,0
1003335,2015 / 06,0,0,0,0,0,0,0,0,0,0,0,3,0,0
1003335,2015 / 06,0,0,0,0,0,0,0,0,0,0,0,0,0,3
1003335,2015 / 07,0,0,0,0,0,0,0,3,0,0,0,0,0,0
1003335,2015 / 07,0,0,0,0,0,0,0,0,0,0,0,3,0,0
1003335,2015 / 07,0,0,0,0,0,0,0,0,0,0,0,0,0,3
1003335,2015 / 08,3,0,0,0,0,0,0,0,0,0,0,0,0,0
1003335,2015 / 08,0,0,0,0,0,0,3,0,0,0,0,0,0,0
1003335,2015 / 08,0,0,0,0,0,0,0,0,0,0,0,3,0,0
1003335,2015 / 08,0,0,0,0,0,0,0,0,0,0,0,0,0,3
1003335,2015 / 09,0,0,0,0,0,0,3,0,0,0,0,0,0,0
1003335,2015 / 09,0,0,0,0,0,0,0,0,0,0,0,6,0,0
1003335,2015 / 10,0,0,0,0,0,0,0,0,3,0,0,0,0,0
1003335,2015 / 10,0,0,0,0,0,0,0,0,0,0,0,3,0,0
1003335,2015 / 10,0,0,0,0,0,0,0,0,0,0,0,0,0,3
1003335,2015 / 11,0,0,0,0,0,0,0,0,0,0,0,0,0,3
1003335,2015 / 12,0,0,0,0,0,0,0,0,3,0,0,0,0,0
1003335,2016 / 03,0,0,0,0,0,0,0,0,0,0,0,0,0,3
1003335,2016 / 04,0,0,0,0,0,0,0,0,0,0,0,0,0,3
1003335,2016 / 05,0,0,0,0,0,0,0,0,0,0,0,6,0,0
1003335,2016 / 06,0,0,0,0,0,0,0,0,0,0,0,0,0,3
1003335,2016 / 08,0,0,0,0,0,0,0,0,3,0,0,0,0,0
1003335,2016 / 08,0,0,0,0,0,0,0,0,0,0,0,3,0,0
1003335,2016 / 08,0,0,0,0,0,0,0,0,0,0,0,0,3,0
1003335,2016 / 08,0,0,0,0,0,0,0,0,0,0,0,0,0,9
1003335,2016 / 10,0,0,0,0,0,0,0,0,0,0,0,0,0,6
1003335,2016 / 11,0,0,0,0,0,0,3,0,0,0,0,0,0,0
1003335,2016 / 11,0,0,0,0,0,0,0,0,3,0,0,0,0,0
1003335,2016 / 11,0,0,0,0,0,0,0,0,0,0,0,6,0,0
1003335,2016 / 11,0,0,0,0,0,0,0,0,0,0,0,0,0,3
100337,2016 / 05,0,0,0,0,0,0,0,0,0,0,0,0,0,3
1003532,2015 / 06,0,0,0,0,0,0,0,0,0,0,0,0,0,3
1003532,2016 / 02,0,0,0,0,0,0,0,0,0,0,0,0,0,3
1003532,2016 / 08,0,0,0,0,0,0,0,0,0,0,0,0,0,3
1003692,2015 / 04,0,0,0,0,0,0,3,0,0,0,0,0,0,0
1003692,2015 / 04,0,0,0,0,0,0,0,0,0,0,0,0,0,6
1003692,2015 / 06,0,0,0,0,0,0,3,0,0,0,0,0,0,0
1003692,2015 / 06,0,0,0,0,0,0,0,0,0,0,0,6,0,0
1003692,2015 / 06,0,0,0,0,0,0,0,0,0,0,0,0,0,3
1003692,2015 / 07,0,0,0,0,0,0,0,3,0,0,0,0,0,0
1003692,2015 / 07,0,0,0,0,0,0,0,0,0,0,0,3,0,0
1003692,2015 / 07,0,0,0,0,0,0,0,0,0,0,0,0,0,6
1003692,2015 / 08,0,0,0,0,0,0,0,0,0,0,0,0,0,3
1003692,2015 / 09,0,0,0,0,0,0,0,0,6,0,0,0,0,0
1003692,2015 / 09,0,0,0,0,0,0,0,0,0,0,0,3,0,0
1003692,2015 / 10,0,0,0,0,0,0,0,0,0,0,0,6,0,0
1003692,2015 / 11,0,0,0,0,0,0,0,0,0,0,0,3,0,0
1003692,2015 / 12,0,0,0,0,0,0,0,0,0,0,0,3,0,0
1003692,2016 / 03,0,0,0,0,0,0,0,0,3,0,0,0,0,0
1003692,2016 / 04,0,0,0,0,0,0,0,0,0,0,0,3,0,0
1003692,2016 / 07,0,0,0,0,0,0,0,0,0,0,0,0,0,6
1003692,2016 / 09,0,0,0,0,0,0,0,0,0,0,0,3,0,0
1003692,2016 / 09,0,0,0,0,0,0,0,0,0,0,0,0,0,3
1003692,2016 / 10,0,0,0,0,0,0,0,0,0,0,0,3,0,0
1003692,2016 / 10,0,0,0,0,0,0,0,0,0,0,0,0,3,0
1003692,2016 / 11,0,0,0,0,0,0,0,0,0,0,0,3,0,0
1003692,2016 / 11,0,0,0,0,0,0,0,0,0,0,0,0,0,3
1004186,2015 / 03,0,0,0,0,0,0,0,0,0,3,0,0,0,0
1004186,2015 / 04,0,0,0,0,0,0,3,0,0,0,0,0,0,0
1004186,2015 / 06,3,0,0,0,0,0,0,0,0,0,0,0,0,0
1004186,2015 / 06,0,0,0,0,0,0,0,0,0,0,0,0,3,0
1004186,2015 / 06,0,0,0,0,0,0,0,0,0,0,0,0,0,3
1004186,2016 / 06,0,0,0,0,0,0,0,0,0,0,0,0,0,3
1004186,2016 / 08,0,0,0,0,0,0,0,0,0,3,0,0,0,0
1004186,2016 / 09,0,0,0,0,0,0,0,0,0,0,0,0,3,0
1004186,2016 / 11,0,0,0,0,0,0,0,0,0,0,0,0,3,0
1004240,2015 / 01,0,0,0,0,0,0,0,0,0,0,0,0,0,3
1004240,2015 / 03,0,0,0,0,0,0,0,0,0,0,0,0,0,3
1004240,2015 / 06,0,0,0,0,0,0,0,0,0,0,0,0,0,3
1004268,2015 / 04,0,0,0,0,0,0,0,0,0,0,0,0,3,0
1004268,2015 / 07,0,0,0,0,0,0,0,0,0,0,0,0,0,3
1004268,2016 / 04,3,0,0,0,0,0,0,0,0,0,0,0,0,0
1004268,2016 / 04,0,0,0,0,0,0,0,0,0,0,0,0,0,3
1004268,2016 / 05,0,0,0,0,0,0,0,0,0,0,0,0,0,3
1004268,2016 / 07,0,0,0,0,0,0,0,0,0,0,0,0,0,3
1004268,2016 / 08,0,0,0,0,0,0,0,0,0,0,0,0,0,3
1004268,2016 / 10,0,0,0,0,0,0,0,0,0,0,0,0,0,3
1004283,2015 / 10,3,0,0,0,0,0,0,0,0,0,0,0,0,0
1004283,2015 / 10,0,0,0,0,0,0,0,0,0,0,0,0,0,9
1004283,2015 / 11,3,0,0,0,0,0,0,0,0,0,0,0,0,0
1004283,2015 / 11,0,0,0,0,0,0,0,0,0,0,3,0,0,0
1004283,2016 / 01,0,0,0,0,0,0,0,0,0,0,0,0,0,3
1004283,2016 / 09,0,0,0,0,0,0,6,0,0,0,0,0,0,0
1004283,2016 / 09,0,0,0,0,0,0,0,0,0,0,0,0,0,3
1004283,2016 / 12,0,0,0,0,0,0,0,0,0,0,0,0,0,3
1004284,2016 / 01,0,0,3,0,0,0,0,0,0,0,0,0,0,0
1004284,2016 / 02,3,0,0,0,0,0,0,0,0,0,0,0,0,0
1004284,2016 / 02,0,0,0,0,0,0,0,0,0,3,0,0,0,0
1004284,2016 / 02,0,0,0,0,0,0,0,0,0,0,0,0,0,3
1004284,2016 / 05,0,0,0,0,0,0,0,0,0,0,0,0,0,3
1004284,2016 / 07,0,0,0,0,0,0,0,0,0,0,0,0,3,0
1004284,2016 / 07,0,0,0,0,0,0,0,0,0,0,0,0,0,3
1004284,2016 / 09,0,0,0,0,0,0,3,0,0,0,0,0,0,0
1004284,2016 / 09,0,0,0,0,0,0,0,0,0,0,0,0,0,3
1004284,2016 / 11,0,0,0,0,0,0,0,0,0,0,0,0,0,3
1004443,2015 / 02,0,0,0,0,0,0,3,0,0,0,0,0,0,0
1004443,2015 / 02,0,0,0,0,0,0,0,0,0,0,3,0,0,0
1004443,2015 / 03,0,0,0,0,0,0,0,0,0,0,6,0,0,0
1004443,2015 / 03,0,0,0,0,0,0,0,0,0,0,0,0,6,0
1004443,2015 / 04,0,0,0,0,0,0,3,0,0,0,0,0,0,0
1004443,2015 / 05,0,0,0,0,0,0,3,0,0,0,0,0,0,0
1004443,2015 / 05,0,0,0,0,0,0,0,0,0,0,0,3,0,0
1004443,2015 / 06,6,0,0,0,0,0,0,0,0,0,0,0,0,0
1004443,2015 / 06,0,0,0,0,0,0,0,0,0,0,0,0,0,3
1004443,2015 / 07,3,0,0,0,0,0,0,0,0,0,0,0,0,0
1004443,2015 / 07,0,0,0,0,0,0,0,0,0,0,0,0,0,3
1004443,2015 / 08,0,0,0,0,0,0,0,0,0,0,0,0,0,3
1004443,2015 / 10,0,0,0,0,0,0,0,0,0,0,0,3,0,0
1004443,2015 / 11,3,0,0,0,0,0,0,0,0,0,0,0,0,0
1004443,2016 / 03,0,0,0,0,0,0,0,0,0,0,0,0,0,3
1004443,2016 / 06,0,0,0,0,0,0,0,0,0,0,0,0,0,3
1004503,2015 / 07,0,0,0,0,0,0,0,0,0,0,0,3,0,0
1004503,2015 / 10,0,0,0,0,0,0,0,0,0,6,0,0,0,0
1004503,2016 / 02,6,0,0,0,0,0,0,0,0,0,0,0,0,0
1004503,2016 / 02,0,0,0,0,0,0,0,0,3,0,0,0,0,0
1004503,2016 / 06,0,0,0,0,0,0,0,0,0,0,0,0,0,3
1004503,2016 / 08,0,0,0,0,0,0,0,0,0,3,0,0,0,0
1004503,2016 / 08,0,0,0,0,0,0,0,0,0,0,0,0,0,3
1004503,2016 / 10,0,0,0,0,0,0,0,0,0,3,0,0,0,0
1004503,2016 / 10,0,0,0,0,0,0,0,0,0,0,0,0,0,3
1004621,2015 / 06,6,0,0,0,0,0,0,0,0,0,0,0,0,0
1004621,2015 / 06,0,0,0,0,0,0,0,0,0,3,0,0,0,0
1004621,2015 / 06,0,0,0,0,0,0,0,0,0,0,0,0,3,0
1004621,2015 / 07,3,0,0,0,0,0,0,0,0,0,0,0,0,0
1004621,2015 / 07,0,0,0,0,0,0,0,0,0,0,0,0,0,9
1004621,2015 / 08,9,0,0,0,0,0,0,0,0,0,0,0,0,0
1004621,2015 / 08,0,0,0,0,0,0,0,0,0,3,0,0,0,0
1004621,2015 / 08,0,0,0,0,0,0,0,0,0,0,0,0,0,9
1004621,2015 / 09,0,0,0,0,0,0,0,0,0,0,0,0,0,6
1004621,2015 / 10,3,0,0,0,0,0,0,0,0,0,0,0,0,0
1004621,2015 / 10,0,0,0,0,0,0,0,0,0,0,3,0,0,0
1004621,2015 / 10,0,0,0,0,0,0,0,0,0,0,0,0,0,3
1004621,2015 / 11,0,0,0,0,0,0,0,0,3,0,0,0,0,0
1004621,2015 / 12,0,0,0,0,0,0,0,0,0,0,3,0,0,0
1004621,2015 / 12,0,0,0,0,0,0,0,0,0,0,0,0,0,3
1004621,2016 / 01,0,0,0,0,0,0,0,0,0,0,0,0,0,3
1004621,2016 / 02,0,0,0,0,0,0,0,0,0,0,0,0,0,3
1004621,2016 / 04,0,0,0,0,0,0,0,0,0,3,0,0,0,0
1004621,2016 / 04,0,0,0,0,0,0,0,0,0,0,0,0,0,3
1004621,2016 / 05,0,0,0,0,0,0,0,0,0,0,0,0,3,0
1004621,2016 / 06,0,0,0,0,0,0,0,0,0,3,0,0,0,0
1004621,2016 / 07,0,0,0,0,0,0,0,0,0,3,0,0,0,0
1004621,2016 / 08,0,0,0,0,0,0,0,0,0,3,0,0,0,0
1004621,2016 / 08,0,0,0,0,0,0,0,0,0,0,0,0,0,3
1004621,2016 / 09,0,0,0,0,0,0,3,0,0,0,0,0,0,0
1004621,2016 / 09,0,0,0,0,0,0,0,0,0,0,0,0,0,3
1004621,2016 / 11,0,0,0,0,0,0,0,0,0,3,0,0,0,0
1004621,2016 / 11,0,0,0,0,0,0,0,0,0,0,0,0,0,3
1004662,2015 / 02,0,0,0,0,0,0,0,0,0,0,3,0,0,0
1004662,2015 / 03,0,0,0,0,0,0,0,0,0,0,0,0,3,0
1004662,2015 / 06,0,0,0,0,0,0,0,0,0,0,0,3,0,0
1004662,2015 / 07,0,0,0,0,0,0,0,0,0,3,0,0,0,0
1004662,2015 / 07,0,0,0,0,0,0,0,0,0,0,0,0,3,0
1004662,2015 / 07,0,0,0,0,0,0,0,0,0,0,0,0,0,3
1004662,2015 / 11,3,0,0,0,0,0,0,0,0,0,0,0,0,0
1004662,2015 / 11,0,0,0,0,0,0,0,0,0,0,0,0,0,3
1004662,2016 / 01,3,0,0,0,0,0,0,0,0,0,0,0,0,0
1004662,2016 / 01,0,0,0,0,0,0,0,0,0,0,0,0,0,3
1004662,2016 / 02,0,0,0,0,0,0,0,0,0,0,0,3,0,0
1004662,2016 / 02,0,0,0,0,0,0,0,0,0,0,0,0,0,6
1004662,2016 / 03,3,0,0,0,0,0,0,0,0,0,0,0,0,0
1004662,2016 / 04,6,0,0,0,0,0,0,0,0,0,0,0,0,0
1004662,2016 / 04,0,0,0,0,0,0,0,0,0,0,0,3,0,0
1004662,2016 / 05,6,0,0,0,0,0,0,0,0,0,0,0,0,0
1004662,2016 / 05,0,0,0,0,0,0,0,0,3,0,0,0,0,0
1004662,2016 / 05,0,0,0,0,0,0,0,0,0,0,0,0,3,0
1004662,2016 / 06,0,0,0,0,0,0,6,0,0,0,0,0,0,0
1004662,2016 / 06,0,0,0,0,0,0,0,0,0,0,0,0,6,0
1004662,2016 / 07,0,0,0,0,0,0,3,0,0,0,0,0,0,0
1004662,2016 / 07,0,0,0,0,0,0,0,0,0,0,0,0,3,0
1004662,2016 / 08,0,0,0,0,0,0,0,0,0,0,0,3,0,0
1004662,2016 / 09,0,0,0,0,0,0,0,0,0,0,0,0,0,3
1004662,2016 / 10,0,0,0,0,0,0,0,0,0,0,0,0,0,6
1004662,2016 / 11,0,0,0,0,0,0,0,0,0,0,3,0,0,0
1004695,2016 / 04,0,0,0,0,0,0,0,0,0,0,0,0,3,0
1004718,2016 / 02,0,0,0,0,0,0,0,0,0,0,0,0,0,3
1004718,2016 / 03,3,0,0,0,0,0,0,0,0,0,0,0,0,0
1004718,2016 / 03,0,0,0,0,0,0,0,0,3,0,0,0,0,0
1004718,2016 / 03,0,0,0,0,0,0,0,0,0,0,0,3,0,0
1004718,2016 / 03,0,0,0,0,0,0,0,0,0,0,0,0,0,3
1004718,2016 / 04,0,0,0,0,0,0,0,0,0,0,0,0,0,3
1004718,2016 / 05,0,0,0,0,0,0,0,0,0,0,0,0,3,0
1004718,2016 / 06,0,0,0,0,0,0,0,0,0,0,0,0,0,3
1004718,2016 / 07,0,0,0,0,0,0,0,0,0,0,0,0,0,3
1004718,2016 / 08,0,0,0,0,0,0,3,0,0,0,0,0,0,0
1004718,2016 / 08,0,0,0,0,0,0,0,0,0,0,0,0,3,0
1004718,2016 / 09,0,0,0,0,0,0,0,0,0,0,0,0,0,3
1004718,2016 / 10,0,0,0,0,0,0,0,0,3,0,0,0,0,0
1004718,2016 / 10,0,0,0,0,0,0,0,0,0,0,0,0,0,3
1004718,2016 / 11,0,0,0,0,0,0,0,0,0,0,0,0,0,3
1004823,2016 / 02,0,0,0,0,0,0,0,0,0,0,0,0,0,3
1004823,2016 / 03,0,0,0,0,0,0,0,0,0,0,0,0,0,9
1004823,2016 / 04,3,0,0,0,0,0,0,0,0,0,0,0,0,0
1004823,2016 / 04,0,0,0,0,0,0,0,0,0,0,0,0,0,3
1004823,2016 / 08,0,0,0,0,0,0,3,0,0,0,0,0,0,0
1004823,2016 / 08,0,0,0,0,0,0,0,0,0,0,0,0,0,3
1004823,2016 / 10,0,0,0,0,0,0,6,0,0,0,0,0,0,0
1004823,2016 / 11,0,0,0,0,0,0,3,0,0,0,0,0,0,0
1004823,2016 / 11,0,0,0,0,0,0,0,0,0,0,0,0,0,3
1004825,2015 / 04,0,0,0,0,0,0,0,0,0,0,0,0,0,3
1004825,2015 / 07,0,0,0,0,0,0,0,0,0,3,0,0,0,0
1004825,2015 / 07,0,0,0,0,0,0,0,0,0,0,0,0,0,3
1004825,2015 / 08,0,0,0,0,0,0,3,0,0,0,0,0,0,0
1004825,2015 / 08,0,0,0,0,0,0,0,0,0,0,0,0,0,3
1004825,2015 / 10,0,0,0,0,0,0,0,0,0,0,0,0,0,3
1004825,2015 / 11,0,0,0,0,0,0,0,0,3,0,0,0,0,0
1004825,2016 / 01,0,0,0,0,0,0,0,0,0,0,0,0,0,3
1004825,2016 / 02,0,0,0,0,0,0,0,0,6,0,0,0,0,0
1004825,2016 / 02,0,0,0,0,0,0,0,0,0,0,0,0,0,3
1004825,2016 / 03,0,0,0,0,0,0,0,0,3,0,0,0,0,0
1004825,2016 / 07,0,0,0,0,0,0,0,0,0,0,0,0,0,3
1004825,2016 / 10,0,0,0,0,0,0,0,0,0,0,0,0,0,3
1004825,2016 / 12,0,0,0,0,0,0,0,0,0,3,0,0,0,0
1005270,2015 / 08,3,0,0,0,0,0,0,0,0,0,0,0,0,0
1005270,2015 / 08,0,0,0,0,0,0,0,0,0,0,0,0,0,3
1005270,2016 / 06,0,0,0,0,0,0,0,0,0,0,0,0,0,3
1005270,2016 / 10,0,0,0,0,0,0,0,0,0,0,0,0,0,6
1005332,2015 / 06,3,0,0,0,0,0,0,0,0,0,0,0,0,0
1005332,2015 / 06,0,0,0,0,0,0,3,0,0,0,0,0,0,0
1005332,2015 / 06,0,0,0,0,0,0,0,0,0,0,0,0,6,0
1005332,2015 / 06,0,0,0,0,0,0,0,0,0,0,0,0,0,3
1005332,2015 / 09,3,0,0,0,0,0,0,0,0,0,0,0,0,0
1005332,2015 / 09,0,0,0,0,0,0,0,0,0,0,0,0,0,3
1005332,2015 / 10,0,0,0,0,0,0,0,0,0,0,0,0,0,3
1005332,2015 / 11,3,0,0,0,0,0,0,0,0,0,0,0,0,0
1005332,2015 / 11,0,0,0,0,0,0,0,0,0,0,0,0,0,3
1005332,2016 / 02,0,0,0,0,0,0,0,0,0,0,0,0,0,6
1005332,2016 / 03,3,0,0,0,0,0,0,0,0,0,0,0,0,0
1005332,2016 / 03,0,0,0,0,0,0,0,0,0,0,0,0,0,3
1005332,2016 / 04,3,0,0,0,0,0,0,0,0,0,0,0,0,0
1005332,2016 / 05,9,0,0,0,0,0,0,0,0,0,0,0,0,0
1005332,2016 / 05,0,0,0,0,0,0,0,0,0,0,0,0,0,6
1005332,2016 / 07,0,0,0,0,0,0,3,0,0,0,0,0,0,0
1005332,2016 / 07,0,0,0,0,0,0,0,0,0,0,0,0,0,3
1005332,2016 / 09,0,0,0,0,0,0,3,0,0,0,0,0,0,0
1005332,2016 / 09,0,0,0,0,0,0,0,0,0,0,0,0,0,3
1005332,2016 / 10,0,0,0,0,0,0,6,0,0,0,0,0,0,0
1005332,2016 / 10,0,0,0,0,0,0,0,0,0,0,0,0,0,6
1005332,2016 / 11,0,0,0,0,0,0,6,0,0,0,0,0,0,0
1005332,2016 / 11,0,0,0,0,0,0,0,0,3,0,0,0,0,0
1005332,2016 / 11,0,0,0,0,0,0,0,0,0,0,0,0,0,3
1005337,2015 / 10,0,0,0,0,0,0,0,0,0,3,0,0,0,0
1005337,2016 / 01,0,0,0,0,0,0,0,0,0,0,0,0,0,3
1005337,2016 / 01,0,0,3,0,0,0,0,0,0,0,0,0,0,0
1005337,2016 / 02,0,0,3,0,0,0,0,0,0,0,0,0,0,0
1005337,2016 / 06,0,0,0,0,0,0,0,0,0,0,0,0,0,3
1005337,2016 / 07,0,0,0,0,0,0,3,0,0,0,0,0,0,0
1005337,2016 / 07,0,0,0,0,0,0,0,0,0,0,0,0,0,3
1005337,2016 / 08,0,0,0,0,0,0,0,0,0,0,0,0,0,3
1005337,2016 / 09,0,0,0,0,0,0,0,0,0,0,0,3,0,0
1005337,2016 / 11,0,0,0,0,0,0,3,0,0,0,0,0,0,0
1005337,2016 / 11,0,0,0,0,0,0,0,0,0,0,0,0,0,3
1005343,2015 / 03,0,0,0,0,0,0,3,0,0,0,0,0,0,0
1005343,2015 / 03,0,0,0,0,0,0,0,0,0,0,0,0,0,3
1005343,2015 / 06,3,0,0,0,0,0,0,0,0,0,0,0,0,0
1005343,2015 / 06,0,0,0,0,0,0,0,0,0,0,0,0,0,3
1005343,2015 / 08,0,0,0,0,0,0,0,0,0,0,0,0,0,3
1005343,2016 / 02,6,0,0,0,0,0,0,0,0,0,0,0,0,0
1005343,2016 / 07,0,0,0,0,0,0,3,0,0,0,0,0,0,0
1005353,2015 / 07,0,0,0,0,0,0,0,0,0,0,0,0,0,3
1005353,2015 / 11,3,0,0,0,0,0,0,0,0,0,0,0,0,0
1005353,2015 / 11,0,0,0,0,0,0,0,0,0,0,0,0,0,3
1005353,2016 / 02,3,0,0,0,0,0,0,0,0,0,0,0,0,0
1005353,2016 / 02,0,0,0,0,0,0,0,0,0,0,0,0,0,6
1005353,2016 / 03,3,0,0,0,0,0,0,0,0,0,0,0,0,0
1005353,2016 / 03,0,0,0,0,0,0,0,0,0,0,0,0,0,3
1005353,2016 / 04,3,0,0,0,0,0,0,0,0,0,0,0,0,0
1005353,2016 / 04,0,0,0,0,0,0,0,0,0,0,0,0,0,3
1005353,2016 / 05,6,0,0,0,0,0,0,0,0,0,0,0,0,0
1005353,2016 / 05,0,0,0,0,0,0,0,0,3,0,0,0,0,0
1005353,2016 / 05,0,0,0,0,0,0,0,0,0,0,0,0,0,3
1005353,2016 / 06,0,0,0,0,0,0,0,0,0,0,0,0,3,0
1005353,2016 / 08,0,0,0,0,0,0,3,0,0,0,0,0,0,0
1005353,2016 / 08,0,0,0,0,0,0,0,0,0,0,0,0,0,3
1005353,2016 / 11,0,0,0,0,0,0,3,0,0,0,0,0,0,0
1005353,2016 / 11,0,0,0,0,0,0,0,0,0,0,0,0,0,3
1005418,2015 / 06,0,0,3,0,0,0,0,0,0,0,0,0,0,0
1005418,2016 / 01,0,0,0,0,0,0,0,0,0,0,0,0,0,3
1005418,2016 / 07,0,0,0,0,0,0,0,0,0,0,0,0,0,3
1005418,2016 / 09,0,0,0,0,0,0,0,0,0,0,0,0,0,3
1005418,2016 / 10,0,0,0,0,0,0,0,0,0,3,0,0,0,0
1005418,2016 / 10,0,0,0,0,0,0,0,0,0,0,0,0,0,3
1005418,2016 / 11,0,0,0,0,0,0,0,0,0,0,0,0,0,3
1005464,2015 / 04,0,0,0,0,0,0,0,0,0,0,0,0,0,3
1005464,2015 / 12,0,0,0,0,0,0,0,0,0,0,0,0,0,3
1005644,2015 / 02,0,0,0,0,0,0,3,0,0,0,0,0,0,0
1005644,2015 / 04,0,0,0,0,0,0,3,0,0,0,0,0,0,0
1005644,2015 / 05,0,0,0,0,0,0,3,0,0,0,0,0,0,0
1005644,2015 / 08,0,0,0,0,0,0,0,0,0,0,0,0,0,3
1005644,2015 / 11,3,0,0,0,0,0,0,0,0,0,0,0,0,0
1005644,2015 / 11,0,0,0,0,0,0,0,0,0,0,0,0,3,0
1005644,2016 / 01,3,0,0,0,0,0,0,0,0,0,0,0,0,0
1005644,2016 / 01,0,0,0,0,0,0,0,0,0,0,0,0,0,3
1005644,2016 / 03,0,0,0,0,0,0,0,0,0,0,0,0,0,3
1005644,2016 / 04,3,0,0,0,0,0,0,0,0,0,0,0,0,0
1005644,2016 / 05,6,0,0,0,0,0,0,0,0,0,0,0,0,0
1005644,2016 / 05,0,0,0,0,0,0,0,0,3,0,0,0,0,0
1005644,2016 / 05,0,0,0,0,0,0,0,0,0,0,0,0,3,0
1005644,2016 / 05,0,0,0,0,0,0,0,0,0,0,0,0,0,3
1005644,2016 / 06,0,0,0,0,0,0,0,0,0,0,0,0,3,0
1005644,2016 / 08,0,0,0,0,0,0,0,0,0,0,0,0,0,3
1005644,2016 / 09,0,0,0,0,0,0,0,0,0,0,0,0,0,3
1005644,2016 / 09,0,0,0,3,0,0,0,0,0,0,0,0,0,0
1005644,2016 / 10,0,0,0,0,0,0,3,0,0,0,0,0,0,0
1005644,2016 / 10,0,0,0,0,0,0,0,0,0,0,0,0,0,6
1005644,2016 / 11,0,0,0,0,0,0,0,0,0,0,0,0,0,3
1005649,2015 / 01,0,0,0,0,0,0,3,0,0,0,0,0,0,0
1005649,2015 / 01,0,0,0,0,0,0,0,0,0,0,0,0,0,6
1005649,2015 / 02,0,0,0,0,0,0,3,0,0,0,0,0,0,0
1005649,2015 / 02,0,0,0,0,0,0,0,0,0,0,0,0,0,6
1005649,2015 / 03,0,0,0,0,0,0,0,0,0,3,0,0,0,0
1005649,2015 / 06,0,0,3,0,0,0,0,0,0,0,0,0,0,0
1005649,2015 / 10,0,0,0,0,0,0,0,0,3,0,0,0,0,0
1005649,2016 / 02,0,0,0,0,0,0,0,0,3,0,0,0,0,0
1005649,2016 / 02,0,0,0,0,0,0,0,0,0,0,0,0,0,3
1005649,2016 / 04,0,0,0,0,0,0,0,0,0,0,0,0,3,0
1005649,2016 / 05,0,0,0,0,0,0,0,0,0,3,0,0,0,0
1005649,2016 / 05,0,0,0,0,0,0,0,0,0,0,0,0,3,0
1005649,2016 / 07,0,0,0,0,0,0,0,0,0,0,0,0,3,0
1005649,2016 / 08,0,0,0,0,0,0,0,0,0,0,0,0,0,3
1005649,2016 / 09,0,0,0,0,0,0,0,0,0,0,0,0,3,0
1005649,2016 / 10,0,0,0,0,0,0,0,0,0,3,0,0,0,0
1005649,2016 / 10,0,0,0,0,0,0,0,0,0,0,0,0,0,3
1005649,2016 / 11,0,0,0,0,0,0,0,0,0,6,0,0,0,0
1005649,2016 / 11,0,0,0,0,0,0,0,0,0,0,0,0,3,0
1005649,2016 / 12,0,0,0,0,0,0,0,0,0,3,0,0,0,0
1005662,2015 / 01,0,0,0,0,0,0,0,0,0,0,6,0,0,0
1005662,2015 / 01,0,0,0,0,0,0,0,0,0,0,0,0,0,3
1005662,2015 / 01,0,0,0,0,0,3,0,0,0,0,0,0,0,0
1005662,2015 / 08,3,0,0,0,0,0,0,0,0,0,0,0,0,0
1005662,2015 / 08,0,0,0,0,0,0,0,0,0,0,0,0,0,3
1005662,2015 / 09,0,0,0,0,0,0,0,0,0,0,0,0,0,3
1005662,2015 / 11,0,0,0,0,0,0,0,0,0,0,0,0,3,0
1005662,2015 / 12,3,0,0,0,0,0,0,0,0,0,0,0,0,0
1005662,2015 / 12,0,0,0,0,0,0,0,0,0,0,0,0,0,3
1005662,2016 / 01,0,0,0,0,0,0,0,0,0,0,0,0,3,0
1005662,2016 / 01,0,0,0,0,0,0,0,0,0,0,0,0,0,3
1005662,2016 / 02,3,0,0,0,0,0,0,0,0,0,0,0,0,0
1005662,2016 / 02,0,0,0,0,0,0,0,0,0,0,0,0,3,0
1005662,2016 / 04,0,0,0,0,0,0,0,0,0,0,3,0,0,0
1005662,2016 / 04,0,0,0,0,0,0,0,0,0,0,0,0,0,3
1005662,2016 / 06,0,0,0,0,0,0,0,0,0,0,0,0,3,0
1005662,2016 / 10,0,0,0,0,0,0,0,0,0,0,0,0,0,3
1005662,2016 / 11,0,0,0,0,0,0,0,0,0,0,3,0,0,0
1005662,2016 / 11,0,0,0,0,0,0,0,0,0,0,0,0,0,3
1005803,2015 / 02,0,0,0,0,0,0,6,0,0,0,0,0,0,0
1005803,2015 / 02,0,0,0,0,0,0,0,0,0,0,0,3,0,0
1005803,2015 / 03,0,0,0,0,0,0,0,0,0,0,0,0,0,3
1005803,2015 / 04,0,0,0,0,0,0,3,0,0,0,0,0,0,0
1005803,2015 / 04,0,0,0,0,0,0,0,0,0,0,0,0,3,0
1005803,2015 / 04,0,0,0,0,0,0,0,0,0,0,0,0,0,3
1005803,2015 / 06,0,0,0,0,0,0,0,0,0,0,0,0,0,3
1005803,2015 / 07,0,0,0,0,0,0,0,0,0,0,0,0,3,0
1005803,2015 / 08,0,0,0,0,0,0,0,0,0,0,0,0,3,0
1005803,2015 / 08,0,0,0,0,0,0,0,0,0,0,0,0,0,3
1005803,2015 / 09,0,0,0,0,0,0,0,0,0,0,0,0,0,3
1005803,2015 / 11,0,0,0,0,0,0,0,0,0,0,0,0,0,3
1005803,2016 / 03,0,0,0,0,0,0,0,0,0,0,0,0,0,3
1005803,2016 / 05,0,0,0,0,0,0,0,0,0,0,0,0,0,3
1005803,2016 / 07,0,0,0,0,0,0,0,0,0,0,0,0,0,3
1005803,2016 / 08,0,0,0,0,0,0,0,0,0,0,0,0,0,3
1005803,2016 / 10,0,0,0,0,0,0,0,0,0,0,0,0,0,3
1005803,2016 / 11,0,0,0,0,0,0,0,0,0,0,0,0,3,0
1005879,2016 / 02,3,0,0,0,0,0,0,0,0,0,0,0,0,0
1005879,2016 / 02,0,0,0,0,0,0,0,0,0,0,0,0,0,3
1005879,2016 / 03,6,0,0,0,0,0,0,0,0,0,0,0,0,0
1005879,2016 / 03,0,0,0,0,0,0,0,0,0,0,0,0,0,6
1005879,2016 / 04,3,0,0,0,0,0,0,0,0,0,0,0,0,0
1005879,2016 / 04,0,0,0,0,0,0,0,0,0,0,0,0,0,3
1005879,2016 / 05,3,0,0,0,0,0,0,0,0,0,0,0,0,0
1005879,2016 / 05,0,0,0,0,0,0,0,0,0,0,0,0,0,3
1005879,2016 / 06,0,0,0,0,0,0,3,0,0,0,0,0,0,0
1005879,2016 / 06,0,0,0,0,0,0,0,0,0,0,0,0,0,3
1005879,2016 / 07,0,0,0,0,0,0,3,0,0,0,0,0,0,0
1005879,2016 / 07,0,0,0,0,0,0,0,0,0,0,0,0,0,3
1005879,2016 / 08,0,0,0,0,0,0,0,0,0,0,0,0,0,3
1005879,2016 / 09,0,0,0,0,0,0,3,0,0,0,0,0,0,0
1005879,2016 / 09,0,0,0,0,0,0,0,0,0,0,0,0,0,3
1005879,2016 / 10,0,0,0,0,0,0,3,0,0,0,0,0,0,0
1005879,2016 / 10,0,0,0,0,0,0,0,0,0,0,0,0,0,3
1005879,2016 / 11,0,0,0,0,0,0,3,0,0,0,0,0,0,0
1005879,2016 / 11,0,0,0,0,0,0,0,0,0,0,0,0,0,3
1005879,2016 / 12,0,0,0,0,0,0,0,0,0,0,0,0,0,3
1006155,2015 / 04,0,0,0,0,0,0,3,0,0,0,0,0,0,0
1006155,2015 / 04,0,0,0,0,0,0,0,0,0,0,0,0,3,0
1006155,2015 / 05,0,0,0,0,0,0,3,0,0,0,0,0,0,0
1006155,2015 / 05,0,0,0,0,0,0,0,0,0,0,3,0,0,0
1006155,2015 / 06,0,0,0,0,0,0,0,0,0,0,0,0,0,3
1006155,2015 / 07,0,0,0,0,0,0,0,0,0,0,0,0,3,0
1006155,2015 / 08,3,0,0,0,0,0,0,0,0,0,0,0,0,0
1006155,2015 / 08,0,0,0,0,0,0,0,0,0,3,0,0,0,0
1006155,2015 / 08,0,0,0,0,0,0,0,0,0,0,0,0,0,3
1006155,2015 / 09,3,0,0,0,0,0,0,0,0,0,0,0,0,0
1006155,2015 / 09,0,0,0,0,0,0,0,0,0,0,0,3,0,0
1006155,2015 / 09,0,0,0,0,0,0,0,0,0,0,0,0,3,0
1006155,2015 / 10,12,0,0,0,0,0,0,0,0,0,0,0,0,0
1006155,2015 / 10,0,0,0,0,0,0,0,0,0,3,0,0,0,0
1006155,2015 / 10,0,0,0,0,0,0,0,0,0,0,0,0,0,3
1006155,2015 / 11,0,0,0,0,0,0,0,0,0,0,0,3,0,0
1006155,2015 / 11,0,0,0,0,0,0,0,0,0,0,0,0,0,3
1006155,2015 / 12,6,0,0,0,0,0,0,0,0,0,0,0,0,0
1006155,2015 / 12,0,0,0,0,0,0,0,0,0,0,3,0,0,0
1006155,2015 / 12,0,0,0,0,0,0,0,0,0,0,0,3,0,0
1006155,2015 / 12,0,0,0,0,0,0,0,0,0,0,0,0,3,0
1006155,2016 / 01,0,0,0,0,0,0,0,0,3,0,0,0,0,0
1006155,2016 / 02,3,0,0,0,0,0,0,0,0,0,0,0,0,0
1006155,2016 / 02,0,0,0,0,0,0,0,0,0,0,0,0,0,3
1006155,2016 / 03,3,0,0,0,0,0,0,0,0,0,0,0,0,0
1006155,2016 / 03,0,0,0,0,0,0,0,0,0,0,3,0,0,0
1006155,2016 / 03,0,0,0,0,0,0,0,0,0,0,0,0,3,0
1006155,2016 / 03,0,0,0,0,0,0,0,0,0,0,0,0,0,9
1006155,2016 / 04,6,0,0,0,0,0,0,0,0,0,0,0,0,0
1006155,2016 / 04,0,0,0,0,0,0,0,0,0,3,0,0,0,0
1006155,2016 / 04,0,0,0,0,0,0,0,0,0,0,0,0,3,0
1006155,2016 / 05,3,0,0,0,0,0,0,0,0,0,0,0,0,0
1006155,2016 / 06,0,0,0,0,0,0,0,0,0,3,0,0,0,0
1006155,2016 / 06,0,0,0,0,0,0,0,0,0,0,0,0,3,0
1006155,2016 / 07,0,0,0,0,0,0,0,0,0,0,0,0,0,3
1006155,2016 / 08,0,0,0,0,0,0,3,0,0,0,0,0,0,0
1006155,2016 / 08,0,0,0,0,0,0,0,0,0,3,0,0,0,0
1006155,2016 / 09,0,0,0,0,0,0,0,0,0,0,0,0,0,3
1006155,2016 / 10,0,0,0,0,0,0,3,0,0,0,0,0,0,0
1006155,2016 / 10,0,0,0,0,0,0,0,0,0,3,0,0,0,0
1006155,2016 / 10,0,0,0,0,0,0,0,0,0,0,0,0,0,3
1006155,2016 / 11,0,0,0,0,0,0,0,0,0,6,0,0,0,0
1006155,2016 / 11,0,0,0,0,0,0,0,0,0,0,0,0,0,3
1006518,2015 / 10,0,0,0,0,0,0,0,0,0,0,0,0,0,3
1006541,2015 / 01,0,0,0,0,0,0,9,0,0,0,0,0,0,0
1006541,2015 / 01,0,0,0,0,0,0,0,0,0,0,0,0,0,3
1006541,2015 / 11,0,0,0,0,0,0,0,0,0,0,0,0,0,3
1006541,2016 / 01,0,0,0,0,0,0,0,0,0,0,0,0,0,3
1006541,2016 / 02,0,0,0,0,0,0,0,0,3,0,0,0,0,0
1006541,2016 / 04,0,0,0,0,0,0,0,0,0,0,0,0,0,3
1006541,2016 / 05,0,0,0,0,0,0,0,0,0,3,0,0,0,0
1006541,2016 / 05,0,0,0,0,0,0,0,0,0,0,0,0,0,3
1006541,2016 / 07,0,0,0,0,0,0,3,0,0,0,0,0,0,0
1006541,2016 / 07,0,0,0,0,0,0,0,0,0,0,3,0,0,0
1006541,2016 / 07,0,0,0,0,0,0,0,0,0,0,0,0,0,3
1006541,2016 / 08,0,0,0,0,0,0,0,0,0,0,0,0,0,3
1006541,2016 / 09,0,0,0,0,0,0,0,0,0,0,0,0,0,3
1006541,2016 / 10,0,0,0,0,0,0,0,0,0,0,0,0,0,3
1006541,2016 / 12,0,0,0,0,0,0,0,0,0,0,0,0,0,3
1006587,2016 / 09,0,0,0,0,0,0,0,0,0,0,0,0,0,3
1006742,2016 / 05,0,0,0,0,0,0,0,0,0,0,0,0,3,0
1006742,2016 / 08,0,0,0,0,0,0,0,0,0,0,0,0,3,0
1006742,2016 / 11,0,0,0,0,0,0,0,0,0,0,0,0,0,3
1006855,2016 / 02,0,0,0,0,0,0,0,0,0,0,0,0,0,3
1006855,2016 / 04,0,0,0,0,0,0,0,0,0,0,0,0,3,0
1006855,2016 / 05,0,0,0,0,0,0,0,0,0,0,0,0,0,3
1006855,2016 / 09,0,0,0,0,0,0,0,0,0,0,0,0,3,0
1006861,2015 / 02,0,0,0,0,0,0,3,0,0,0,0,0,0,0
1006861,2015 / 06,0,0,0,0,0,0,0,0,0,0,3,0,0,0
1006861,2015 / 07,3,0,0,0,0,0,0,0,0,0,0,0,0,0
1006861,2015 / 07,0,0,0,0,0,0,0,0,0,0,0,0,0,6
1006861,2015 / 08,3,0,0,0,0,0,0,0,0,0,0,0,0,0
1006861,2015 / 08,0,0,0,0,0,0,0,0,0,0,0,0,0,6
1006861,2015 / 09,0,0,0,0,0,0,0,0,0,0,0,3,0,0
1006861,2015 / 09,0,0,0,0,0,0,0,0,0,0,0,0,0,3
1006861,2015 / 09,0,0,0,3,0,0,0,0,0,0,0,0,0,0
1006861,2015 / 12,3,0,0,0,0,0,0,0,0,0,0,0,0,0
1006861,2015 / 12,0,0,0,0,0,0,0,0,0,0,0,0,0,6
1006861,2016 / 01,3,0,0,0,0,0,0,0,0,0,0,0,0,0
1006861,2016 / 01,0,0,0,0,0,0,0,0,0,0,0,0,0,3
1006861,2016 / 02,0,0,0,0,0,0,0,0,0,0,0,0,0,3
1006861,2016 / 04,3,0,0,0,0,0,0,0,0,0,0,0,0,0
1006861,2016 / 05,3,0,0,0,0,0,0,0,0,0,0,0,0,0
1006861,2016 / 08,0,0,0,0,0,0,9,0,0,0,0,0,0,0
1006861,2016 / 08,0,0,0,0,0,0,0,3,0,0,0,0,0,0
1006861,2016 / 08,0,0,0,0,0,0,0,0,0,0,0,3,0,0
1006861,2016 / 08,0,0,0,0,0,0,0,0,0,0,0,0,0,9
1006861,2016 / 09,0,0,0,0,0,0,6,0,0,0,0,0,0,0
1006861,2016 / 09,0,0,0,0,0,0,0,0,0,0,0,0,0,3
1006861,2016 / 11,0,0,0,0,0,0,0,0,0,0,0,0,0,3
1006865,2015 / 05,0,0,0,0,0,0,0,0,0,0,0,3,0,0
1006865,2015 / 05,0,0,0,0,0,0,0,0,0,0,0,0,3,0
1006865,2016 / 03,0,0,0,0,0,0,0,0,0,0,0,0,3,0
1006888,2015 / 02,0,0,0,0,0,0,0,0,0,0,0,0,0,3
1006888,2015 / 03,0,0,0,0,0,0,0,0,0,0,0,0,0,6
1006888,2015 / 05,0,0,0,0,0,0,0,0,0,0,0,0,0,3
1006888,2015 / 06,0,0,0,0,0,0,0,0,0,0,0,0,0,6
1006888,2015 / 07,0,0,0,0,0,0,0,0,0,0,0,0,0,6
1006888,2015 / 08,3,0,0,0,0,0,0,0,0,0,0,0,0,0
1006888,2015 / 08,0,0,0,0,0,0,0,0,0,0,0,0,0,3
1006888,2015 / 08,0,0,0,0,0,3,0,0,0,0,0,0,0,0
1006888,2015 / 11,0,0,0,0,0,0,0,0,0,0,0,0,0,3
1006888,2016 / 01,0,0,0,0,0,0,0,0,0,0,0,0,0,3
1006888,2016 / 03,0,0,0,0,0,0,0,0,0,0,0,0,0,3
1006888,2016 / 04,0,0,0,0,0,0,0,0,0,0,0,0,0,3
1006888,2016 / 05,0,0,0,0,0,0,0,0,0,0,0,0,0,3
1006888,2016 / 06,0,0,0,0,0,0,0,0,0,0,0,0,0,3
1006888,2016 / 08,0,0,0,0,0,0,0,0,0,0,0,0,0,6
1006888,2016 / 09,0,0,0,0,0,0,0,0,0,0,0,0,0,3
1007044,2015 / 10,0,0,0,0,0,0,0,0,0,0,0,0,0,3
1007084,2015 / 02,0,0,0,0,0,0,0,0,0,0,0,0,0,3
1007084,2015 / 04,0,0,0,0,0,0,3,0,0,0,0,0,0,0
1007084,2015 / 04,0,0,0,0,0,0,0,0,0,0,0,0,0,3
1007084,2015 / 05,0,0,0,0,0,0,0,0,0,0,0,0,0,9
1007084,2015 / 06,0,0,0,0,0,0,0,0,0,0,0,0,0,3
1007084,2015 / 08,0,0,0,0,0,0,0,0,0,0,0,0,0,3
1007084,2015 / 11,0,0,0,0,0,0,0,0,0,0,0,3,0,0
1007084,2015 / 12,0,0,0,0,0,0,0,0,0,0,0,0,0,3
1007084,2016 / 01,0,0,0,0,0,0,0,0,0,0,0,0,0,3
1007084,2016 / 03,0,0,0,0,0,0,0,0,0,0,0,0,0,6
1007084,2016 / 06,0,0,0,0,0,0,0,0,0,0,0,0,0,3
1007084,2016 / 08,0,0,0,0,0,0,0,0,0,0,0,0,0,3
1007084,2016 / 10,0,0,0,0,0,0,0,0,0,0,0,0,0,3
1007084,2016 / 11,0,0,0,0,0,0,0,0,0,0,0,0,0,3
1007102,2016 / 03,0,0,0,0,0,0,0,0,0,0,0,0,0,3
1007102,2016 / 04,0,0,0,0,0,0,0,0,0,3,0,0,0,0
1007102,2016 / 04,0,0,0,0,0,0,0,0,0,0,0,0,3,0
1007102,2016 / 04,0,0,0,0,0,0,0,0,0,0,0,0,0,3
1007102,2016 / 05,0,0,0,0,0,0,0,0,0,0,0,0,0,3
1007102,2016 / 06,0,0,0,0,0,0,0,0,0,0,0,0,0,3
1007102,2016 / 07,0,0,0,0,0,0,0,0,0,0,0,0,0,3
1007102,2016 / 08,0,0,0,0,0,0,3,0,0,0,0,0,0,0
1007102,2016 / 08,0,0,0,0,0,0,0,0,0,3,0,0,0,0
1007102,2016 / 08,0,0,0,0,0,0,0,0,0,0,0,0,0,3
1007102,2016 / 09,0,0,0,0,0,0,0,0,0,0,0,0,0,3
1007102,2016 / 10,0,0,0,0,0,0,0,0,0,0,0,0,0,3
1007102,2016 / 11,0,0,0,0,0,0,0,0,0,0,0,0,0,6
1007210,2015 / 03,0,0,0,0,0,0,9,0,0,0,0,0,0,0
1007210,2015 / 03,0,0,0,0,0,0,0,0,0,0,0,3,0,0
1007210,2015 / 03,0,0,0,0,0,0,0,0,0,0,0,0,3,0
1007210,2015 / 04,0,0,0,0,0,0,0,0,0,0,0,0,3,0
1007210,2015 / 06,0,0,0,0,0,0,0,0,3,0,0,0,0,0
1007210,2015 / 06,0,0,0,0,0,0,0,0,0,0,0,3,0,0
1007210,2015 / 08,0,0,0,0,0,0,0,0,0,0,0,0,0,6
1007210,2015 / 09,0,0,0,0,0,0,0,0,0,0,0,3,0,0
1007210,2015 / 10,0,0,0,0,0,0,0,0,0,0,0,0,0,3
1007210,2015 / 11,3,0,0,0,0,0,0,0,0,0,0,0,0,0
1007210,2015 / 11,0,0,0,0,0,0,0,0,0,0,0,3,0,0
1007210,2015 / 12,0,0,0,0,0,0,0,0,0,0,0,0,0,3
1007210,2016 / 02,0,0,0,0,0,0,0,0,0,0,0,3,0,0
1007210,2016 / 03,0,0,0,0,0,0,0,0,0,0,0,6,0,0
1007210,2016 / 03,0,0,0,0,0,0,0,0,0,0,0,0,0,3
1007210,2016 / 04,0,0,0,0,0,0,0,0,0,0,0,0,0,3
1007210,2016 / 05,0,0,0,0,0,0,0,0,0,0,0,0,0,3
1007210,2016 / 06,0,0,0,0,0,0,0,0,0,0,0,0,0,3
1007210,2016 / 07,0,0,0,0,0,0,0,0,0,0,0,0,0,3
1007210,2016 / 08,0,0,0,0,0,0,0,0,0,0,0,3,0,0
1007210,2016 / 08,0,0,0,0,0,0,0,0,0,0,0,0,0,6
1007210,2016 / 09,0,0,0,0,0,0,0,0,0,0,0,0,0,6
1007210,2016 / 10,0,0,0,0,0,0,0,0,0,0,0,3,0,0
1007210,2016 / 10,0,0,0,0,0,0,0,0,0,0,0,0,0,6
1007210,2016 / 11,0,0,0,0,0,0,0,0,0,0,0,0,0,3
1007301,2016 / 04,3,0,0,0,0,0,0,0,0,0,0,0,0,0
1007301,2016 / 04,0,0,0,0,0,0,0,0,0,0,0,0,0,3
1007301,2016 / 05,3,0,0,0,0,0,0,0,0,0,0,0,0,0
1007301,2016 / 05,0,0,0,0,0,0,0,0,0,0,0,0,0,6
1007301,2016 / 08,0,0,0,0,0,0,3,0,0,0,0,0,0,0
1007301,2016 / 08,0,0,0,0,0,0,0,0,0,0,0,0,0,3
1007301,2016 / 09,0,0,0,0,0,0,3,0,0,0,0,0,0,0
1007301,2016 / 09,0,0,0,0,0,0,0,0,0,0,0,0,0,3
1007301,2016 / 11,0,0,0,0,0,0,3,0,0,0,0,0,0,0
1007301,2016 / 11,0,0,0,0,0,0,0,0,0,0,0,0,0,3
1007448,2015 / 03,0,0,0,0,0,0,3,0,0,0,0,0,0,0
1007448,2015 / 03,0,0,0,0,0,0,0,0,0,0,0,3,0,0
1007448,2015 / 03,0,0,0,0,0,0,0,0,0,0,0,0,0,9
1007448,2015 / 04,0,0,0,0,0,0,3,0,0,0,0,0,0,0
1007448,2015 / 04,0,0,0,0,0,0,0,0,0,0,0,0,3,0
1007448,2015 / 06,0,0,0,0,0,0,0,0,0,0,0,3,0,0
1007448,2015 / 06,0,0,0,0,0,0,0,0,0,0,0,0,0,3
1007448,2015 / 07,0,0,0,0,0,0,0,0,0,0,0,3,0,0
1007448,2015 / 07,0,0,0,0,0,0,0,0,0,0,0,0,3,0
1007448,2015 / 11,0,0,0,0,0,0,0,0,0,0,0,3,0,0
1007448,2015 / 11,0,0,0,0,0,0,0,0,0,0,0,0,0,3
1007448,2016 / 01,0,0,0,0,0,0,0,0,0,0,0,0,0,3
1007448,2016 / 02,0,0,0,0,0,0,0,0,0,0,0,3,0,0
1007448,2016 / 03,0,0,0,0,0,0,0,0,0,0,0,3,0,0
1007448,2016 / 04,0,0,0,0,0,0,0,0,0,0,0,0,6,0
1007448,2016 / 05,0,0,0,0,0,0,0,0,0,0,0,0,3,0
1007448,2016 / 06,0,0,0,0,0,0,0,0,0,0,0,3,0,0
1007448,2016 / 07,0,0,0,0,0,0,0,0,0,0,0,0,3,0
1007448,2016 / 09,0,0,0,0,0,0,0,0,0,0,0,0,0,3
1007448,2016 / 11,0,0,0,0,0,0,0,0,0,0,3,0,0,0
1007448,2016 / 11,0,0,0,0,0,0,0,0,0,0,0,0,0,3
1007883,2015 / 06,0,0,0,0,0,0,0,0,0,0,0,0,0,3
1008050,2015 / 11,0,0,0,0,0,0,0,0,3,0,0,0,0,0
1008050,2016 / 02,0,0,0,0,0,0,0,0,0,0,0,0,0,3
1008050,2016 / 03,0,0,0,0,0,0,0,0,0,0,0,0,0,6
1008050,2016 / 04,0,0,0,0,0,0,0,0,0,0,0,0,0,3
1008050,2016 / 05,0,0,0,0,0,0,0,0,0,0,0,0,0,3
1008050,2016 / 06,0,0,0,0,0,0,0,0,0,0,0,0,0,3
1008050,2016 / 09,0,0,0,0,0,0,3,0,0,0,0,0,0,0
1008050,2016 / 09,0,0,0,0,0,0,0,0,0,0,0,0,0,3
1008050,2016 / 11,0,0,0,0,0,0,0,0,0,0,0,0,0,3
1008301,2015 / 06,0,0,0,0,0,0,3,0,0,0,0,0,0,0
1008301,2015 / 06,0,0,0,0,0,0,0,0,0,0,0,0,0,3
1008301,2015 / 07,0,0,0,0,0,0,0,0,0,0,0,0,0,9
1008301,2016 / 04,0,0,0,0,0,0,0,0,0,0,0,0,0,3
1008335,2015 / 04,0,0,0,0,0,0,3,0,0,0,0,0,0,0
1008335,2015 / 04,0,0,0,0,0,0,0,0,0,0,0,0,0,6
1008335,2015 / 07,0,0,0,0,0,0,0,0,0,0,0,0,0,9
1008335,2015 / 09,0,0,0,0,0,0,0,0,0,0,0,0,0,3
1008335,2015 / 10,0,0,0,0,0,0,0,0,0,0,0,0,0,3
1008335,2016 / 01,0,0,0,0,0,0,0,0,0,0,0,0,0,3
1008335,2016 / 02,0,0,0,0,0,0,0,0,0,0,0,0,0,3
1008335,2016 / 04,0,0,0,0,0,0,0,0,0,3,0,0,0,0
1008335,2016 / 06,0,0,0,0,0,0,0,0,0,0,0,0,0,3
1008335,2016 / 07,0,0,0,0,0,0,0,0,0,3,0,0,0,0
1008335,2016 / 09,0,0,0,0,0,0,0,0,0,0,0,0,0,3
1008335,2016 / 10,0,0,0,0,0,0,0,0,0,0,0,0,0,6
1008395,2015 / 02,0,0,0,0,0,0,0,0,0,0,0,0,0,3
1008395,2015 / 03,0,0,0,0,0,0,6,0,0,0,0,0,0,0
1008395,2015 / 04,0,0,0,0,0,0,0,0,0,0,0,0,0,3
1008395,2015 / 05,0,0,0,0,0,0,0,0,0,0,0,0,0,3
1008395,2015 / 07,0,0,0,0,0,0,0,0,0,0,0,0,0,3
1008395,2015 / 09,3,0,0,0,0,0,0,0,0,0,0,0,0,0
1008395,2015 / 09,0,0,0,0,0,0,0,0,0,0,0,0,0,6
1008395,2015 / 12,0,0,0,0,0,0,0,0,0,0,0,0,0,3
1008395,2016 / 01,3,0,0,0,0,0,0,0,0,0,0,0,0,0
1008395,2016 / 03,6,0,0,0,0,0,0,0,0,0,0,0,0,0
1008395,2016 / 04,6,0,0,0,0,0,0,0,0,0,0,0,0,0
1008395,2016 / 04,0,0,0,0,0,0,0,0,0,0,0,3,0,0
1008395,2016 / 05,3,0,0,0,0,0,0,0,0,0,0,0,0,0
1008395,2016 / 07,0,0,0,0,0,0,0,0,0,0,0,0,0,3
1008395,2016 / 08,0,0,0,0,0,0,3,0,0,0,0,0,0,0
1008395,2016 / 08,0,0,0,0,0,0,0,3,0,0,0,0,0,0
1008395,2016 / 08,0,0,0,0,0,0,0,0,0,0,0,0,0,3
1008395,2016 / 09,0,0,0,0,0,0,0,0,0,0,0,0,0,3
1008395,2016 / 10,0,0,0,0,0,0,3,0,0,0,0,0,0,0
1008395,2016 / 10,0,0,0,0,0,0,0,0,0,0,0,0,0,3
1008395,2016 / 11,0,0,0,0,0,0,3,0,0,0,0,0,0,0
1008395,2016 / 11,0,0,0,0,0,0,0,3,0,0,0,0,0,0
1008433,2015 / 02,0,0,0,0,0,0,0,0,0,0,0,0,0,3
1008433,2015 / 04,0,0,0,0,0,0,0,0,0,0,0,0,0,3
1008433,2015 / 07,0,0,0,0,0,0,0,0,0,0,0,0,0,3
1008433,2016 / 01,0,0,0,0,0,0,0,0,0,0,0,0,0,3
1008433,2016 / 04,0,0,0,0,0,0,0,0,0,0,0,0,0,3
1008433,2016 / 07,0,0,0,0,0,0,0,0,0,0,0,0,0,3
1008433,2016 / 09,0,0,0,0,0,0,0,0,0,0,0,0,0,3
1008433,2016 / 10,0,0,0,0,0,0,0,0,0,0,0,0,0,3
1008492,2015 / 01,0,0,0,0,0,0,0,0,0,0,0,3,0,0
1008492,2015 / 02,0,0,0,0,0,0,3,0,0,0,0,0,0,0
1008492,2015 / 03,0,0,0,0,0,0,3,0,0,0,0,0,0,0
1008492,2015 / 03,0,0,0,0,0,0,0,0,0,0,0,0,0,3
1008492,2015 / 06,0,0,0,0,0,0,0,0,0,0,0,0,0,3
1008492,2016 / 01,0,0,0,0,0,0,0,0,0,0,0,0,0,3
1008492,2016 / 03,0,0,0,0,0,0,0,0,0,0,0,0,3,0
1008492,2016 / 04,0,0,0,0,0,0,0,0,0,0,0,0,0,3
1008492,2016 / 05,0,0,0,0,0,0,0,0,0,0,3,0,0,0
1008492,2016 / 05,0,0,0,0,0,0,0,0,0,0,0,0,3,0
1008492,2016 / 06,0,0,0,0,0,0,0,0,0,0,0,0,0,3
1008492,2016 / 09,0,0,0,0,0,0,0,0,0,0,0,0,0,3
1008492,2016 / 10,0,0,0,0,0,0,0,0,0,0,0,0,0,6
1008649,2016 / 06,0,0,0,0,0,0,0,0,0,0,0,0,0,3
1008649,2016 / 08,0,0,0,0,0,0,0,0,0,0,0,0,0,6
1008649,2016 / 11,0,0,0,0,0,0,0,0,0,0,0,0,3,0
1008649,2016 / 11,0,0,0,0,0,0,0,0,0,0,0,0,0,3
1008778,2015 / 08,0,0,0,0,0,0,0,0,0,0,0,0,0,3
1008778,2015 / 12,0,0,0,0,0,0,0,0,0,0,0,0,0,3
1008778,2016 / 03,0,0,0,0,0,0,0,0,0,0,0,0,0,3
1008778,2016 / 09,0,0,0,0,0,0,0,0,0,0,0,0,0,3
1008778,2016 / 10,0,0,0,0,0,0,0,0,0,0,0,0,0,3
1008778,2016 / 11,0,0,0,0,0,0,0,0,0,0,0,0,0,3
1008865,2015 / 06,0,0,0,0,0,0,3,0,0,0,0,0,0,0
1008865,2015 / 06,0,0,0,0,0,0,0,0,0,0,0,0,0,6
1008865,2015 / 07,0,0,0,0,0,0,0,0,0,0,0,0,0,3
1008865,2015 / 08,6,0,0,0,0,0,0,0,0,0,0,0,0,0
1008865,2015 / 08,0,0,0,0,0,0,0,0,0,0,0,0,0,3
1008865,2015 / 10,0,0,0,0,0,0,0,0,0,0,0,0,0,6
1008865,2015 / 11,3,0,0,0,0,0,0,0,0,0,0,0,0,0
1008865,2015 / 11,0,0,0,0,0,0,0,0,0,0,0,0,0,3
1008865,2016 / 01,3,0,0,0,0,0,0,0,0,0,0,0,0,0
1008865,2016 / 01,0,0,0,0,0,0,0,0,0,0,0,0,0,3
1008865,2016 / 04,3,0,0,0,0,0,0,0,0,0,0,0,0,0
1008865,2016 / 05,6,0,0,0,0,0,0,0,0,0,0,0,0,0
1008865,2016 / 05,0,0,0,0,0,0,0,0,0,0,0,0,0,3
1008865,2016 / 06,0,0,0,0,0,0,0,0,0,0,0,0,0,3
1008865,2016 / 08,0,0,0,0,0,0,3,0,0,0,0,0,0,0
1008865,2016 / 08,0,0,0,0,0,0,0,0,0,0,0,0,0,3
1008865,2016 / 09,0,0,0,0,0,0,3,0,0,0,0,0,0,0
1008865,2016 / 09,0,0,0,0,0,0,0,0,0,0,0,0,0,3
1008865,2016 / 10,0,0,0,0,0,0,3,0,0,0,0,0,0,0
1008865,2016 / 10,0,0,0,0,0,0,0,0,0,0,0,0,0,6
1008865,2016 / 11,0,0,0,0,0,0,0,0,0,0,3,0,0,0
1008865,2016 / 12,0,0,0,0,0,0,0,0,0,0,0,0,0,3
1008889,2016 / 02,0,0,0,0,0,0,0,0,0,0,0,0,0,3
1008889,2016 / 03,0,0,0,0,0,0,0,0,0,0,0,0,0,3
1008931,2015 / 04,0,0,0,0,0,0,0,0,0,0,0,0,3,0
1008931,2016 / 01,0,0,0,0,0,0,0,0,0,0,0,0,0,3
1008953,2015 / 07,0,0,0,0,0,0,0,0,0,0,0,0,0,3
1008953,2016 / 02,0,0,0,0,0,0,0,0,0,0,0,0,0,3
1008953,2016 / 03,0,0,0,0,0,0,0,0,3,0,0,0,0,0
1008953,2016 / 05,0,0,0,0,0,0,0,0,0,0,0,0,0,3
1008953,2016 / 08,0,0,0,0,0,0,0,0,0,0,0,0,0,3
1008953,2016 / 10,0,0,0,0,0,0,0,0,0,0,0,0,0,3
1008953,2016 / 11,0,0,0,0,0,0,0,0,0,0,0,0,0,3
1009195,2015 / 02,0,0,0,0,0,0,0,0,0,0,0,3,0,0
1009195,2015 / 02,0,0,3,0,0,0,0,0,0,0,0,0,0,0
1009195,2015 / 04,0,0,0,0,0,0,3,0,0,0,0,0,0,0
1009195,2015 / 04,0,0,0,0,0,0,0,0,0,0,0,0,0,3
1009195,2015 / 06,0,0,0,0,0,0,0,0,0,3,0,0,0,0
1009195,2015 / 06,0,3,0,0,0,0,0,0,0,0,0,0,0,0
1009195,2015 / 06,0,0,0,0,0,0,0,0,0,0,0,0,0,3
1009195,2015 / 06,0,0,0,3,0,0,0,0,0,0,0,0,0,0
1009195,2015 / 06,0,0,0,0,3,0,0,0,0,0,0,0,0,0
1009195,2015 / 08,0,0,0,0,0,0,0,0,0,0,3,0,0,0
1009195,2015 / 11,0,0,0,0,0,0,0,0,3,0,0,0,0,0
1009195,2016 / 01,0,0,0,0,0,0,0,0,3,0,0,0,0,0
1009195,2016 / 01,0,0,0,0,0,0,0,0,0,0,0,0,0,3
1009195,2016 / 04,0,0,0,0,0,0,0,0,3,0,0,0,0,0
1009195,2016 / 04,0,0,0,0,0,0,0,0,0,0,0,3,0,0
1009195,2016 / 06,0,0,0,0,0,0,0,0,0,0,0,0,0,3
1009195,2016 / 08,0,0,0,0,0,0,0,0,0,0,0,0,0,3
1009195,2016 / 09,0,0,0,0,0,0,0,0,0,3,0,0,0,0
1009195,2016 / 09,0,0,0,0,0,0,0,0,0,0,0,0,0,3
1009266,2016 / 02,0,0,0,0,0,0,0,0,0,0,0,0,0,3
1009266,2016 / 03,0,0,0,0,0,0,0,0,0,0,0,0,0,3
1009266,2016 / 05,0,0,0,0,0,0,0,0,0,0,0,0,0,3
1009266,2016 / 07,0,0,0,0,0,0,0,0,0,0,0,0,0,3
1009266,2016 / 08,0,0,0,0,0,0,0,0,0,0,0,0,0,3
1009266,2016 / 10,0,0,0,0,0,0,0,0,0,0,0,0,0,3
1009266,2016 / 11,0,0,0,0,0,0,0,0,0,0,0,0,0,3
1009321,2015 / 11,0,0,0,0,0,0,0,0,3,0,0,0,0,0
1009321,2015 / 11,0,0,0,0,0,0,0,0,0,0,0,0,3,0
1009321,2016 / 03,0,0,0,0,0,0,0,0,0,0,0,0,0,3
1009321,2016 / 04,0,0,0,0,0,0,0,0,0,0,0,0,0,3
1009321,2016 / 05,0,0,0,0,0,0,0,0,0,0,0,0,0,3
1009321,2016 / 06,0,0,0,0,0,0,0,0,0,0,0,0,0,3
1009321,2016 / 07,0,0,0,0,0,0,0,0,0,0,0,0,0,3
1009321,2016 / 08,0,0,0,0,0,0,3,0,0,0,0,0,0,0
