Unique_Advisor_Id,Unique_Investment_Id,Month,Shares,AUM,aum_per_share
1000103,14142,2016 / 01,11648.1267,200464.26,17.21
1000103,14142,2016 / 02,4286.6133,74587.072,17.4
1000103,14142,2016 / 03,858.36,15819.5748,18.43
1000103,14142,2016 / 04,858.36,16016.9977,18.66
1000103,14142,2016 / 05,858.36,16059.9157,18.71
1000103,14142,2016 / 06,847.225,16088.8028,18.99
1000103,14142,2016 / 07,847.225,16351.4425,19.3
1000103,14142,2016 / 08,847.225,16207.4143,19.13
1000103,14142,2016 / 09,845.81,16019.6413,18.94
1000103,14142,2016 / 10,845.81,15926.6023,18.83
1000103,14142,2016 / 11,845.81,16349.5073,19.33
1000103,14142,2016 / 12,845.81,16324.133,19.3
1000103,3462,2016 / 01,365.8367,2520.6147,6.89
1000103,3491,2016 / 01,1401.2033,30672.341,21.89
1000103,3491,2016 / 02,1401.2033,30294.016,21.62
1000103,3491,2016 / 03,1406.38,32234.2297,22.92
1000103,3534,2016 / 01,18.9685,1790.7667,94.4074
1000103,3534,2016 / 02,24.1292,2055.6,85.1915
1000103,3534,2016 / 03,25.027,2311.4667,92.3589
1000103,3534,2016 / 04,25.5588,2435.7833,95.301
1000103,3534,2016 / 05,52.2432,4984.0167,95.4004
1000103,3534,2016 / 06,26.7275,2507.9833,93.8353
1000103,3534,2016 / 07,27.4553,2677.5667,97.5245
1000103,3534,2016 / 08,28.2192,2822.4833,100.0201
1000103,3534,2016 / 09,28.7487,2875.4167,100.0191
1000103,3534,2016 / 10,29.817,2955.2167,99.1118
1000103,3534,2016 / 11,31.1455,3366.4167,108.0868
1000103,3534,2016 / 12,28.9208,3180.4833,109.9721
1000103,3567,2016 / 03,7070.7592,50555.928,7.15
1000103,3567,2016 / 04,0,0,-1
1000103,3567,2016 / 05,0,0,-1
1000103,3567,2016 / 06,0,0,-1
1000103,3567,2016 / 07,0,0,-1
1000103,3567,2016 / 08,0,0,-1
1000103,3567,2016 / 09,0,0,-1
1000103,3567,2016 / 10,0,0,-1
1000103,3567,2016 / 11,0,0,-1
1000103,3567,2016 / 12,0,0,-1
1000103,3573,2016 / 03,18825.8279,134416.4113,7.14
1000103,3573,2016 / 04,18825.8279,137052.0273,7.28
1000103,3573,2016 / 05,17910.4571,130925.4413,7.31
1000103,3573,2016 / 06,17910.4571,130209.023,7.27
1000103,3573,2016 / 07,17910.4571,132179.1733,7.38
1000103,3573,2016 / 08,17910.4571,132716.487,7.41
1000103,3573,2016 / 09,22483.1762,167724.4948,7.46
1000103,3573,2016 / 10,22483.1762,168398.9901,7.49
1000103,3573,2016 / 11,22483.1762,168398.9901,7.49
1000103,3573,2016 / 12,22483.1762,170197.6442,7.57
1000103,3651,2016 / 01,30.8355,2794.2167,90.6169
1000103,3651,2016 / 02,57.4222,4902.1333,85.3701
1000103,3651,2016 / 03,58.8178,5401.3,91.831
1000103,3651,2016 / 04,60.0978,5534.4,92.0898
1000103,3651,2016 / 05,103.6502,9491.8167,91.5755
1000103,3651,2016 / 06,63.2955,5654.1333,89.3292
1000103,3651,2016 / 07,64.8023,5986.7,92.384
1000103,3651,2016 / 08,66.4448,6131.5167,92.2798
1000103,3651,2016 / 09,69.1427,6389.9833,92.4174
1000103,3651,2016 / 10,71.47,6383.9333,89.3233
1000103,3651,2016 / 11,74.5695,6485.2833,86.9697
1000103,3651,2016 / 12,78.81,6998.4,88.8009
1000103,7668,2016 / 05,638.82,8374.9302,13.11
1000103,7668,2016 / 06,1082.9967,13504.9684,12.47
1000103,7668,2016 / 07,827.3567,10846.6458,13.11
1000103,7668,2016 / 08,0,0,-1
1000103,7668,2016 / 09,0,0,-1
1000103,7668,2016 / 10,0,0,-1
1000103,7668,2016 / 11,0,0,-1
1000103,7668,2016 / 12,0,0,-1
1000103,9339,2016 / 01,71.4383,7108.4667,99.5049
1000103,9339,2016 / 02,133.5348,11905.0833,89.1534
1000103,9339,2016 / 03,137.4932,13302.7167,96.7518
1000103,9339,2016 / 04,140.3908,13734.7333,97.8321
1000103,9339,2016 / 05,157.1572,15925.0833,101.3322
1000103,9339,2016 / 06,46.323,4654.1,100.4706
1000103,9339,2016 / 07,47.2278,4950.5333,104.8224
1000103,9339,2016 / 08,48.1995,5108.2667,105.9817
1000103,9339,2016 / 09,49.0322,5232.7833,106.7214
1000103,9339,2016 / 10,50.2772,5119.95,101.8345
1000103,9339,2016 / 11,51.753,5673.8167,109.6326
1000103,9339,2016 / 12,51.8397,5675.5833,109.4834
1000373,13872,2016 / 01,74.1067,2422.547,32.69
1000373,13872,2016 / 02,74.1067,2332.8778,31.48
1000373,13872,2016 / 03,74.1067,2479.609,33.46
1000373,13872,2016 / 04,74.1067,2444.779,32.99
1000373,13872,2016 / 05,74.1067,2570.0192,34.68
1000373,13872,2016 / 06,74.1067,2487.7608,33.57
1000373,13872,2016 / 07,74.1067,2694.5183,36.36
1000373,13872,2016 / 08,74.1067,2698.2237,36.41
1000373,13872,2016 / 09,74.1067,2776.7768,37.47
1000373,13872,2016 / 10,74.1067,2725.6432,36.78
1000373,13872,2016 / 11,74.1067,2707.1165,36.53
1000373,13872,2016 / 12,79.1583,2706.4235,34.19
1000373,19233,2016 / 01,1221.6208,18446.4746,15.1
1000373,19233,2016 / 02,1221.6208,18092.2046,14.81
1000373,19233,2016 / 03,1221.6208,19301.6092,15.8
1000373,19233,2016 / 04,1221.6208,19191.6633,15.71
1000373,19233,2016 / 05,1221.6208,19912.4196,16.3
1000373,19233,2016 / 06,1221.6208,19533.7172,15.99
1000373,19233,2016 / 07,1221.6208,20743.1217,16.98
1000373,19233,2016 / 08,1221.6208,20718.6893,16.96
1000373,19233,2016 / 09,1221.6208,21085.1756,17.26
1000373,19233,2016 / 10,1221.6208,20730.9056,16.97
1000373,19233,2016 / 11,1221.6208,20645.3921,16.9
1000373,19233,2016 / 12,1270.5958,20761.5359,16.34
1000373,19897,2016 / 12,8209.245,107705.2943,13.12
1000373,3460,2016 / 01,108.1767,1114.2197,10.3
1000373,3460,2016 / 02,108.1767,1121.792,10.37
1000373,3460,2016 / 03,108.1767,1144.5092,10.58
1000373,3460,2016 / 04,108.1767,1179.1257,10.9
1000373,3460,2016 / 05,108.1767,1194.2703,11.04
1000373,3460,2016 / 06,108.1767,1234.2958,11.41
1000373,3460,2016 / 07,108.1767,1252.6858,11.58
1000373,3460,2016 / 08,108.1767,1248.3587,11.54
1000373,3460,2016 / 09,108.1767,1262.4217,11.67
1000373,3460,2016 / 10,108.1767,1240.7863,11.47
1000373,3460,2016 / 11,108.1767,1234.2958,11.41
1000373,3460,2016 / 12,117.4033,1249.1715,10.64
1000373,3535,2016 / 01,429.1733,8596.3418,20.03
1000373,3535,2016 / 02,429.1733,8501.9238,19.81
1000373,3535,2016 / 03,431.1933,9128.3628,21.17
1000373,3535,2016 / 04,431.1933,9425.8862,21.86
1000373,3535,2016 / 05,431.1933,9443.134,21.9
1000373,3535,2016 / 06,433.2133,9296.7582,21.46
1000373,3535,2016 / 07,433.2133,9677.9858,22.34
1000373,3535,2016 / 08,433.2133,9933.5818,22.93
1000373,3535,2016 / 09,435.1333,9942.7967,22.85
1000373,3535,2016 / 10,435.1333,9860.1213,22.66
1000373,3535,2016 / 11,435.1333,10765.1987,24.74
1000373,3535,2016 / 12,463.1833,10963.5495,23.67
1000373,3538,2016 / 01,128.4183,2572.2192,20.03
1000373,3538,2016 / 02,128.4183,2542.683,19.8
1000373,3538,2016 / 03,128.8058,2726.8195,21.17
1000373,3538,2016 / 04,128.8058,2814.4075,21.85
1000373,3538,2016 / 05,128.8058,2818.2717,21.88
1000373,3538,2016 / 06,129.1675,2773.2262,21.47
1000373,3538,2016 / 07,129.1675,2884.3102,22.33
1000373,3538,2016 / 08,129.1675,2959.2274,22.91
1000373,3538,2016 / 09,129.5008,2959.0941,22.85
1000373,3538,2016 / 10,129.5008,2933.1939,22.65
1000373,3538,2016 / 11,129.5008,3199.9656,24.71
1000373,3538,2016 / 12,137.5967,3256.9131,23.67
1000373,3653,2016 / 01,442.8933,13056.4955,29.48
1000373,3653,2016 / 02,442.8933,12985.6325,29.32
1000373,3653,2016 / 03,442.8933,13946.7111,31.49
1000373,3653,2016 / 04,442.8933,13999.8582,31.61
1000373,3653,2016 / 05,442.8933,13933.4242,31.46
1000373,3653,2016 / 06,442.8933,13605.6832,30.72
1000373,3653,2016 / 07,442.8933,14084.008,31.8
1000373,3653,2016 / 08,442.8933,14084.008,31.8
1000373,3653,2016 / 09,442.8933,14119.4395,31.88
1000373,3653,2016 / 10,442.8933,13654.4015,30.83
1000373,3653,2016 / 11,442.8933,13308.9447,30.05
1000373,3653,2016 / 12,448.2767,13605.1968,30.35
1000373,4008,2016 / 01,17772.8342,213629.4664,12.02
1000373,4008,2016 / 02,17612.0108,210463.5317,11.95
1000373,4008,2016 / 03,11480.2,149472.2041,13.02
1000373,4008,2016 / 04,7584.1083,98517.5671,12.99
1000373,4008,2016 / 05,7203.9883,93075.5293,12.92
1000373,4008,2016 / 06,7202.9375,95871.098,13.31
1000373,4008,2016 / 07,6291.7842,87833.3069,13.96
1000373,4008,2016 / 08,9248.1183,126421.7769,13.67
1000373,4008,2016 / 09,5667.905,76460.0385,13.49
1000373,4008,2016 / 10,5147.025,65521.6284,12.73
1000373,4008,2016 / 11,5086.3283,62867.0181,12.36
1000373,4008,2016 / 12,5174.9775,63703.9727,12.31
1000373,4063,2016 / 01,259.8758,3217.2628,12.38
1000373,4063,2016 / 02,259.8758,3214.6641,12.37
1000373,4063,2016 / 03,259.8758,3435.5585,13.22
1000373,4063,2016 / 04,259.8758,3471.9412,13.36
1000373,4063,2016 / 05,259.8758,3516.12,13.53
1000373,4063,2016 / 06,259.8758,3451.1511,13.28
1000373,4063,2016 / 07,259.8758,3617.4716,13.92
1000373,4063,2016 / 08,259.8758,3661.6505,14.09
1000373,4063,2016 / 09,259.8758,3669.4468,14.12
1000373,4063,2016 / 10,259.8758,3549.9039,13.66
1000373,4063,2016 / 11,259.8758,3609.6753,13.89
1000373,4063,2016 / 12,263.3192,3657.5032,13.89
1000373,4711,2016 / 01,651.9908,10666.57,16.36
1000373,4711,2016 / 02,651.9908,10744.8089,16.48
1000373,4711,2016 / 03,651.9908,11507.6382,17.65
1000373,4711,2016 / 04,651.9908,11559.7975,17.73
1000373,4711,2016 / 05,646.9417,11703.1748,18.09
1000373,4711,2016 / 06,646.9417,11619.0723,17.96
1000373,4711,2016 / 07,646.9417,12104.2786,18.71
1000373,4711,2016 / 08,646.9417,12123.6868,18.74
1000373,4711,2016 / 09,646.9417,12123.6868,18.74
1000373,4711,2016 / 10,646.9417,11845.5019,18.31
1000373,4711,2016 / 11,646.9417,12240.1363,18.92
1000373,4711,2016 / 12,719.1233,12261.0528,17.05
1000373,8844,2016 / 01,313.5883,10467.5785,33.38
1000373,8844,2016 / 02,313.5883,10119.4955,32.27
1000373,8844,2016 / 03,313.5883,10426.8122,33.25
1000373,8844,2016 / 04,79.375,2737.6438,34.49
1000373,8844,2016 / 05,79.375,2813.8438,35.45
1000373,8844,2016 / 06,79.375,2734.4688,34.45
1000373,8844,2016 / 07,79.375,2918.6188,36.77
1000373,8844,2016 / 08,79.375,2811.4625,35.42
1000373,8844,2016 / 09,79.375,2844.8,35.84
1000474,19233,2016 / 01,487.395,7223.1938,14.82
1000474,19233,2016 / 02,487.395,7427.8998,15.24
1000474,19233,2016 / 03,487.395,7773.9502,15.95
1000474,19233,2016 / 04,468.3333,7343.4667,15.68
1000474,19233,2016 / 05,468.3333,7633.8333,16.3
1000474,19233,2016 / 06,468.3333,7488.65,15.99
1000474,19233,2016 / 07,468.3333,7952.3,16.98
1000474,19233,2016 / 08,468.3333,7942.9333,16.96
1000474,19233,2016 / 09,468.3333,8083.4333,17.26
1000474,19233,2016 / 10,468.3333,7947.6167,16.97
1000474,19233,2016 / 11,468.3333,7914.8333,16.9
1000474,19233,2016 / 12,487.1083,7959.3502,16.34
1000474,3144,2016 / 07,12519.5933,125321.1293,10.01
1000474,3144,2016 / 08,12519.5933,125321.1293,10.01
1000474,3144,2016 / 09,12519.5933,125446.3252,10.02
1000474,3144,2016 / 10,6259.7967,62785.7606,10.03
1000474,3144,2016 / 11,6259.7967,62848.3585,10.04
1000474,3144,2016 / 12,6259.7967,62910.9565,10.05
1000474,3539,2016 / 01,419.405,4265.3488,10.17
1000474,3539,2016 / 02,419.405,4244.3787,10.12
1000474,3539,2016 / 03,419.405,4277.931,10.2
1000474,3539,2016 / 04,419.405,4311.4833,10.28
1000474,3539,2016 / 05,419.405,4336.6477,10.34
1000474,3539,2016 / 06,419.405,4416.3347,10.53
1000474,3539,2016 / 07,419.405,4403.7525,10.5
1000474,3539,2016 / 08,419.405,4407.9465,10.51
1000474,3539,2016 / 09,419.405,4378.5882,10.44
1000474,3539,2016 / 10,209.7025,2155.7417,10.28
1000474,3539,2016 / 11,209.7025,2042.5023,9.74
1000474,3539,2016 / 12,209.7025,2048.7934,9.77
1000474,3584,2016 / 01,1238.8167,31094.894,25.1005
1000474,3584,2016 / 02,1238.8167,32322.0835,26.0911
1000474,3584,2016 / 03,1238.8167,34228.7485,27.6302
1000474,3584,2016 / 04,1238.8167,33929.4803,27.3886
1000474,3584,2016 / 05,1238.8167,34562.985,27.9
1000474,3584,2016 / 06,1238.8167,34042.682,27.48
1000474,3584,2016 / 07,1238.8167,35467.3212,28.63
1000474,3584,2016 / 08,1238.8167,35417.7685,28.59
1000474,3584,2016 / 09,1238.8167,35529.262,28.68
1000474,3584,2016 / 10,1087.015,30436.42,28
1000474,3584,2016 / 11,1087.015,30077.7051,27.67
1000474,3584,2016 / 12,1095.7167,30263.6943,27.62
1000474,8844,2016 / 01,63.1333,2071.4047,32.81
1000474,8844,2016 / 02,63.1333,2110.5473,33.43
1000474,8844,2016 / 03,63.1333,2120.0173,33.58
1000474,8844,2016 / 04,63.1333,2176.206,34.47
1000474,8844,2016 / 05,63.1333,2238.0767,35.45
1000474,8844,2016 / 06,63.1333,2174.9433,34.45
1000474,8844,2016 / 07,63.1333,2321.4127,36.77
1000474,8844,2016 / 08,63.1333,2236.1827,35.42
1000474,8844,2016 / 09,63.1333,2262.6987,35.84
1000474,8844,2016 / 10,63.1333,2078.9807,32.93
1000474,8844,2016 / 11,63.1333,2148.4273,34.03
1000474,8844,2016 / 12,64.6817,2129.3205,32.92
1000474,9318,2016 / 01,1165.7283,23530.5388,20.1853
1000474,9318,2016 / 02,1165.7283,23619.361,20.2615
1000474,9318,2016 / 03,1165.7283,25233.145,21.6458
1000474,9318,2016 / 04,1165.7283,25307.9622,21.71
1000474,9318,2016 / 05,1165.7283,25785.9108,22.12
1000474,9318,2016 / 06,1165.7283,25459.5068,21.84
1000474,9318,2016 / 07,1165.7283,26835.0663,23.02
1000474,9318,2016 / 08,1165.7283,27149.8128,23.29
1000474,9318,2016 / 09,1165.7283,27056.5547,23.21
1000474,9318,2016 / 10,625.2625,14080.9116,22.52
1000474,9318,2016 / 11,625.2625,14562.3636,23.29
1000474,9318,2016 / 12,689.2275,14804.6067,21.48
1000541,13872,2016 / 07,42.5883,1548.5118,36.36
1000541,13872,2016 / 08,42.5883,1550.6412,36.41
1000541,13872,2016 / 09,42.5883,1595.7848,37.47
1000541,13872,2016 / 10,42.5883,1566.3988,36.78
1000541,13872,2016 / 11,42.5883,1555.7518,36.53
1000541,13872,2016 / 12,45.4917,1555.3602,34.19
1000541,19233,2016 / 01,443.4833,6696.5983,15.1
1000541,19233,2016 / 02,443.4833,6567.9882,14.81
1000541,19233,2016 / 03,443.4833,7007.0367,15.8
1000541,19233,2016 / 04,443.4833,6967.1232,15.71
1000541,19233,2016 / 05,443.4833,7228.7783,16.3
1000541,19233,2016 / 06,443.4833,7091.2985,15.99
1000541,19233,2016 / 07,443.4833,7530.347,16.98
1000541,19233,2016 / 08,443.4833,7521.4773,16.96
1000541,19233,2016 / 09,443.4833,7654.5223,17.26
1000541,3476,2016 / 01,902.3517,8238.4707,9.13
1000541,3476,2016 / 02,902.3517,8193.3532,9.08
1000541,3476,2016 / 03,902.3517,8554.2938,9.48
1000541,3476,2016 / 04,902.3517,8779.8817,9.73
1000541,3476,2016 / 05,902.3517,8879.1403,9.84
1000541,3476,2016 / 06,902.3517,8761.8347,9.71
1000541,3476,2016 / 07,902.3517,9050.5872,10.03
1000541,3476,2016 / 08,902.3517,9222.034,10.22
1000541,3476,2016 / 09,902.3517,9231.0575,10.23
1000541,3476,2016 / 10,902.3517,9194.9635,10.19
1000541,3476,2016 / 11,902.3517,9709.304,10.76
1000541,3476,2016 / 12,902.3517,9528.8337,10.56
1000541,4003,2016 / 01,193.5267,2206.204,11.4
1000541,4003,2016 / 02,193.5267,2204.2687,11.39
1000541,4003,2016 / 03,193.5267,2306.8378,11.92
1000541,4003,2016 / 04,193.5267,2330.061,12.04
1000541,4003,2016 / 05,193.5267,2337.8022,12.08
1000541,4003,2016 / 06,193.5267,2347.4785,12.13
1000541,4003,2016 / 07,193.5267,2403.6012,12.42
1000541,4003,2016 / 08,193.5267,2403.6012,12.42
1000541,4003,2016 / 09,193.5267,2403.6012,12.42
1000541,4003,2016 / 10,193.5267,2374.5722,12.27
1000541,4003,2016 / 11,193.5267,2397.7953,12.39
1000541,4003,2016 / 12,193.5267,2413.2775,12.47
1000541,4008,2016 / 04,403.5067,5241.5517,12.99
1000541,4008,2016 / 05,403.5067,5213.3062,12.92
1000541,4008,2016 / 06,405.3033,5394.5873,13.31
1000541,4008,2016 / 07,1923.7083,26854.9682,13.96
1000541,4008,2016 / 08,2668.8933,36483.7718,13.67
1000541,4008,2016 / 09,2562.12,34562.9988,13.49
1000541,4008,2016 / 10,2562.12,32615.7877,12.73
1000541,4008,2016 / 11,2138.9217,26437.0718,12.36
1000541,4008,2016 / 12,2198.3817,27062.0783,12.31
1000541,4711,2016 / 01,2741.8033,44855.9025,16.36
1000541,4711,2016 / 02,2741.8033,45184.9188,16.48
1000541,4711,2016 / 03,2741.8033,48392.829,17.65
1000541,4711,2016 / 04,2741.8033,48612.1732,17.73
1000541,4711,2016 / 05,2741.8033,49599.2223,18.09
1000541,4711,2016 / 06,2741.8033,49242.7878,17.96
1000541,4711,2016 / 07,2741.8033,51299.1403,18.71
1000541,4711,2016 / 08,2741.8033,51381.3945,18.74
1000541,4711,2016 / 09,2741.8033,51381.3945,18.74
1000541,4711,2016 / 10,2741.8033,50202.419,18.31
1000541,4711,2016 / 11,2741.8033,51874.9192,18.92
1000541,4711,2016 / 12,3047.715,51963.5408,17.05
1000973,11681,2016 / 01,243.2083,3757.5688,15.45
1000973,11681,2016 / 02,243.2083,3618.94,14.88
1000973,11681,2016 / 03,243.2083,3842.6917,15.8
1000973,11681,2016 / 04,243.2083,3789.1858,15.58
1000973,11681,2016 / 05,243.2083,3983.7525,16.38
1000973,11681,2016 / 06,243.2083,3854.8522,15.85
1000973,11681,2016 / 07,243.2083,4173.455,17.16
1000973,11681,2016 / 08,243.2083,4178.3192,17.18
1000973,11681,2016 / 09,243.2083,4299.9233,17.68
1000973,11681,2016 / 10,243.2083,4219.6647,17.35
1000973,11681,2016 / 11,243.2083,4190.4797,17.23
1000973,11681,2016 / 12,249.3433,4186.4745,16.79
1000973,14142,2016 / 01,1295.3733,22293.375,17.21
1000973,14142,2016 / 02,1295.3733,22539.496,17.4
1000973,14142,2016 / 03,1300.0517,23959.9522,18.43
1000973,14142,2016 / 04,1300.0517,24258.9642,18.66
1000973,14142,2016 / 05,1300.0517,24323.9667,18.71
1000973,14142,2016 / 06,1304.6617,24775.525,18.99
1000973,14142,2016 / 07,1304.6617,25179.9702,19.3
1000973,14142,2016 / 08,1304.6617,24958.1777,19.13
1000973,14142,2016 / 09,1309.675,24805.2445,18.94
1000973,14142,2016 / 10,1309.675,24661.1803,18.83
1000973,14142,2016 / 11,1309.675,25316.0178,19.33
1000973,14142,2016 / 12,1349.0733,26037.1153,19.3
1000973,19496,2016 / 01,187.18,5767.0158,30.81
1000973,19496,2016 / 02,187.18,5718.349,30.55
1000973,19496,2016 / 03,187.18,6137.6322,32.79
1000973,19496,2016 / 04,187.18,6206.8888,33.16
1000973,19496,2016 / 05,187.18,6384.7098,34.11
1000973,19496,2016 / 06,187.18,6281.7608,33.56
1000973,19496,2016 / 07,187.18,6616.813,35.35
1000973,19496,2016 / 08,187.18,6603.7103,35.28
1000973,19496,2016 / 09,187.18,6607.454,35.3
1000973,19496,2016 / 10,187.18,6339.7867,33.87
1000973,19496,2016 / 11,187.18,6538.1973,34.93
1000973,19496,2016 / 12,192.1867,6459.3938,33.61
1000973,20031,2016 / 01,4337.97,25637.4027,5.91
1000973,20031,2016 / 02,4362.0117,25343.2878,5.81
1000973,20031,2016 / 03,4386.7183,26408.0443,6.02
1000973,20031,2016 / 04,4410.75,27258.435,6.18
1000973,20031,2016 / 05,4432.7567,27527.4188,6.21
1000973,20031,2016 / 06,4452.145,27781.3848,6.24
1000973,20031,2016 / 07,4471.5367,28438.9732,6.36
1000973,20031,2016 / 08,4490.6267,28740.0107,6.4
1000973,20031,2016 / 09,4509.6783,29087.4253,6.45
1000973,20031,2016 / 10,4528.67,29436.355,6.5
1000973,20031,2016 / 11,4547.2667,29557.2333,6.5
1000973,20031,2016 / 12,4564.575,30171.8408,6.61
1000973,4008,2016 / 01,4327.4667,52016.1493,12.02
1000973,4008,2016 / 02,4317.065,51588.927,11.95
1000973,4008,2016 / 03,4314.6983,56177.3722,13.02
1000973,4008,2016 / 04,4306.7233,55944.336,12.99
1000973,4008,2016 / 05,4299.4117,55548.3987,12.92
1000973,4008,2016 / 06,4315.9633,57445.4718,13.31
1000973,4008,2016 / 07,4307.4933,60132.607,13.96
1000973,4008,2016 / 08,3753.0967,51304.8315,13.67
1000973,4008,2016 / 09,3569.9183,48158.1985,13.49
1000973,4008,2016 / 10,3569.9183,45445.0605,12.73
1000973,4008,2016 / 11,3552.39,43907.5405,12.36
1000973,4008,2016 / 12,3651.1433,44945.5743,12.31
1000973,4063,2016 / 01,919.855,11387.8048,12.38
1000973,4063,2016 / 02,919.855,11378.6063,12.37
1000973,4063,2016 / 03,919.855,12160.4832,13.22
1000973,4063,2016 / 04,919.855,12289.2628,13.36
1000973,4063,2016 / 05,919.855,12445.6382,13.53
1000973,4063,2016 / 06,919.855,12215.6743,13.28
1000973,4063,2016 / 07,919.855,12804.3817,13.92
1000973,4063,2016 / 08,919.855,12960.757,14.09
1000973,4063,2016 / 09,919.855,12988.3527,14.12
1000973,4063,2016 / 10,919.855,12565.2193,13.66
1000973,4063,2016 / 11,919.855,12776.786,13.89
1000973,4063,2016 / 12,932.0433,12946.0818,13.89
1000973,8844,2016 / 05,709.1583,25139.663,35.45
1000973,8844,2016 / 06,709.1583,24430.5047,34.45
1000973,8844,2016 / 07,709.1583,26075.752,36.77
1000973,8844,2016 / 08,709.1583,25118.3882,35.42
1000973,8844,2016 / 09,709.1583,25416.2347,35.84
1000973,8844,2016 / 10,709.1583,23352.584,32.93
1000973,8844,2016 / 11,709.1583,24132.6582,34.03
1000973,8844,2016 / 12,726.5417,23917.7517,32.92
1001058,14142,2016 / 01,1436.5983,24723.8573,17.21
1001058,14142,2016 / 02,1436.5983,24996.811,17.4
1001058,14142,2016 / 03,1441.7867,26572.1283,18.43
1001058,14142,2016 / 04,1441.7867,26903.7392,18.66
1001058,14142,2016 / 05,1441.7867,26975.8285,18.71
1001058,14142,2016 / 06,1446.8983,27476.5993,18.99
1001058,14142,2016 / 07,1446.8983,27925.1378,19.3
1001058,14142,2016 / 08,1446.8983,27679.1652,19.13
1001058,14142,2016 / 09,1452.4583,27509.5608,18.94
1001058,14142,2016 / 10,1452.4583,27349.7905,18.83
1001058,14142,2016 / 11,1452.4583,28076.0197,19.33
1001058,14142,2016 / 12,1496.1533,28875.7593,19.3
1001058,3476,2016 / 01,3367.7267,30747.3445,9.13
1001058,3476,2016 / 02,3367.7267,30578.9582,9.08
1001058,3476,2016 / 03,3382.18,32063.0663,9.48
1001058,3476,2016 / 04,3382.18,32908.6113,9.73
1001058,3476,2016 / 05,3382.18,33280.6512,9.84
1001058,3476,2016 / 06,3396.425,32979.2868,9.71
1001058,3476,2016 / 07,3396.425,34066.1428,10.03
1001058,3476,2016 / 08,3396.425,34711.4635,10.22
1001058,3476,2016 / 09,3410.0783,34885.1013,10.23
1001058,3476,2016 / 10,3410.0783,34748.6982,10.19
1001058,3476,2016 / 11,3410.0783,36692.4428,10.76
1001058,3476,2016 / 12,3523.075,37203.672,10.56
1001058,3532,2016 / 01,822.1867,16476.6208,20.04
1001058,3532,2016 / 02,822.1867,16295.7397,19.82
1001058,3532,2016 / 03,826.5383,17489.5512,21.16
1001058,3532,2016 / 04,826.5383,18068.128,21.86
1001058,3532,2016 / 05,826.5383,18109.4548,21.91
1001058,3532,2016 / 06,830.9433,17832.044,21.46
1001058,3532,2016 / 07,830.9433,18563.274,22.34
1001058,3532,2016 / 08,1012.5867,23228.7382,22.94
1001058,3532,2016 / 09,1017.7233,23244.801,22.84
1001058,3532,2016 / 10,1017.7233,23061.6107,22.66
1001058,3532,2016 / 11,1017.7233,25178.4753,24.74
1001058,3532,2016 / 12,1084.0283,25648.1103,23.66
1001058,4008,2016 / 01,565.9967,6803.2798,12.02
1001058,4008,2016 / 02,1242.405,14846.7398,11.95
1001058,4008,2016 / 03,568.8733,7406.7308,13.02
1001058,4008,2016 / 04,568.035,7378.7747,12.99
1001058,4008,2016 / 05,568.035,7339.0122,12.92
1001058,4008,2016 / 06,570.5633,7594.198,13.31
1001058,4008,2016 / 07,570.5633,7965.064,13.96
1001058,4008,2016 / 08,570.5633,7799.6007,13.67
1001058,4008,2016 / 09,553.1717,7462.2858,13.49
1001058,4008,2016 / 10,553.1717,7041.8753,12.73
1001058,4008,2016 / 11,553.1717,6837.2018,12.36
1001058,4008,2016 / 12,568.5483,6998.83,12.31
1001058,4063,2016 / 01,2022.9967,25044.6987,12.38
1001058,4063,2016 / 02,2022.9967,25024.4688,12.37
1001058,4063,2016 / 03,1792.1283,23691.9365,13.22
1001058,4063,2016 / 04,1792.1283,23942.8345,13.36
1001058,4063,2016 / 05,1792.1283,24247.4963,13.53
1001058,4063,2016 / 06,1792.1283,23799.4643,13.28
1001058,4063,2016 / 07,1792.1283,24946.4263,13.92
1001058,4063,2016 / 08,1792.1283,25251.0882,14.09
1001058,4063,2016 / 09,1792.1283,25304.852,14.12
1001058,4063,2016 / 10,1792.1283,24480.473,13.66
1001058,4063,2016 / 11,1792.1283,24892.6625,13.89
1001058,4063,2016 / 12,1815.875,25222.5038,13.89
1001058,4786,2016 / 01,14359.655,177628.9323,12.37
1001058,4786,2016 / 02,14404.2717,177748.7123,12.34
1001058,4786,2016 / 03,14445.9967,179130.3587,12.4
1001058,4786,2016 / 04,14490.125,180691.8588,12.47
1001058,4786,2016 / 05,14532.0567,181650.7083,12.5
1001058,4786,2016 / 06,14574.9267,184955.8193,12.69
1001058,4786,2016 / 07,14615.9267,184745.313,12.64
1001058,4786,2016 / 08,14657.6783,185126.4773,12.63
1001058,4786,2016 / 09,14699.38,184036.2377,12.52
1001058,4786,2016 / 10,14740.3917,181896.4332,12.34
1001058,4786,2016 / 11,14782.1967,173838.6328,11.76
1001058,4786,2016 / 12,14825.335,175383.713,11.83
1001478,3148,2016 / 07,461.2617,4612.6167,10
1001478,3164,2016 / 07,735.98,7639.4725,10.38
1001478,3164,2016 / 08,735.98,7764.5892,10.55
1001478,3164,2016 / 09,735.98,7852.9067,10.67
1001478,3164,2016 / 10,735.98,7830.8272,10.64
1001478,3164,2016 / 11,735.98,7816.1075,10.62
1001478,3164,2016 / 12,735.98,8103.1398,11.01
1001478,3207,2016 / 07,2658.275,26848.5775,10.1
1001478,3207,2016 / 08,2658.275,26635.9155,10.02
1001478,3207,2016 / 09,2658.275,26476.419,9.96
1001478,3207,2016 / 10,2658.275,26316.9225,9.9
1001478,3207,2016 / 11,2658.275,27008.074,10.16
1001478,3207,2016 / 12,2658.275,27778.9738,10.45
1001478,3211,2016 / 07,638.94,6453.294,10.1
1001478,3283,2016 / 11,333.6597,3403.3287,10.2
1001478,3283,2016 / 12,333.6597,3463.3873,10.38
1001478,3284,2016 / 07,11376.37,115697.6828,10.17
1001478,3284,2016 / 08,11376.37,115697.6828,10.17
1001478,3284,2016 / 09,11376.37,115811.4467,10.18
1001478,3284,2016 / 10,11376.37,114104.9912,10.03
1001478,3284,2016 / 11,11376.37,116266.5013,10.22
1001478,3284,2016 / 12,11376.37,118314.248,10.4
1001478,3292,2016 / 07,3984.2933,40321.0487,10.12
1001478,3292,2016 / 08,2975.4687,30141.4975,10.13
1001478,3292,2016 / 09,2975.4687,30201.0068,10.15
1001478,3292,2016 / 10,2975.4687,29873.7053,10.04
1001478,3292,2016 / 11,2975.4687,30171.2523,10.14
1001478,3292,2016 / 12,2498.4853,25709.414,10.29
1001478,3309,2016 / 07,2497.1983,25046.8993,10.03
1001478,3309,2016 / 08,2497.1983,25046.8993,10.03
1001478,3309,2016 / 09,2497.1983,25146.7872,10.07
1001478,3309,2016 / 10,2497.1983,25096.8433,10.05
1001478,3309,2016 / 11,2497.1983,25046.8993,10.03
1001478,3309,2016 / 12,2497.1983,25196.7312,10.09
1001478,3314,2016 / 07,8646.8912,86901.2562,10.05
1001478,3314,2016 / 08,8696.6423,87401.2555,10.05
1001478,3314,2016 / 09,8746.2455,88162.1547,10.08
1001478,3314,2016 / 10,8796.096,88224.8428,10.03
1001478,3314,2016 / 11,8845.8968,88812.8042,10.04
1001478,3314,2016 / 12,8845.8968,89432.017,10.11
1001478,3315,2016 / 07,8569.3817,86207.9795,10.06
1001478,3315,2016 / 08,8569.3817,86207.9795,10.06
1001478,3315,2016 / 09,8569.3817,86465.061,10.09
1001478,3315,2016 / 10,8569.3817,86122.2858,10.05
1001478,3315,2016 / 11,8569.3817,86207.9795,10.06
1001478,3315,2016 / 12,8569.3817,86893.5302,10.14
1001478,3318,2016 / 07,164.615,1657.673,10.07
1001478,3318,2016 / 08,164.615,1659.3192,10.08
1001478,3318,2016 / 09,164.615,1664.2577,10.11
1001478,3318,2016 / 10,164.615,1654.3808,10.05
1001478,3318,2016 / 11,164.615,1662.6115,10.1
1001478,3318,2016 / 12,164.615,1679.073,10.2
1001478,3532,2016 / 12,184.8533,4373.6298,23.66
1001478,4008,2016 / 01,3445.1983,41411.2838,12.02
1001478,4008,2016 / 02,3445.1983,41170.1202,11.95
1001478,4008,2016 / 03,3457.6067,45018.0388,13.02
1001478,4008,2016 / 04,3457.6067,44914.3107,12.99
1001478,4008,2016 / 05,3457.6067,44672.2782,12.92
1001478,4008,2016 / 06,3472.9933,46225.5413,13.31
1001478,4008,2016 / 07,3472.9933,48482.9867,13.96
1001478,4008,2016 / 08,3472.9933,47475.8188,13.67
1001478,4008,2016 / 09,3315,44719.3502,13.49
1001478,4008,2016 / 10,3315,42199.9502,12.73
1001478,4008,2016 / 11,3315,40973.4,12.36
1001478,4008,2016 / 12,3768.67,46392.3275,12.31
1001667,19233,2016 / 01,7719.875,116570.1125,15.1
1001667,19233,2016 / 02,7719.875,114331.349,14.81
1001667,19233,2016 / 03,7719.875,121974.025,15.8
1001667,19233,2016 / 04,7719.875,121279.2365,15.71
1001667,19233,2016 / 05,7719.875,125833.9625,16.3
1001667,19233,2016 / 06,7719.875,123440.8012,15.99
1001667,19233,2016 / 07,7719.875,131083.4775,16.98
1001667,19233,2016 / 08,7719.875,130929.0802,16.96
1001667,19233,2016 / 09,7719.875,133245.0427,17.26
1001667,19233,2016 / 10,7719.875,131006.279,16.97
1001667,19233,2016 / 11,7719.875,130465.8875,16.9
1001667,19233,2016 / 12,8029.3667,131199.8515,16.34
1001667,20053,2016 / 01,847.7,8510.908,10.04
1001667,20053,2016 / 02,847.7,8688.925,10.25
1001667,20053,2016 / 03,847.7,9629.872,11.36
1001667,20053,2016 / 04,847.7,9833.32,11.6
1001667,20053,2016 / 05,847.7,9833.32,11.6
1001667,20053,2016 / 06,847.7,9087.344,10.72
1001667,20053,2016 / 07,847.7,9807.889,11.57
1001667,20053,2016 / 08,847.7,9968.952,11.76
1001667,20053,2016 / 09,847.7,10113.061,11.93
1001667,20053,2016 / 10,847.7,9867.228,11.64
1001667,20053,2016 / 11,847.7,11037.054,13.02
1001667,20053,2016 / 12,858.09,11283.8837,13.15
1001667,3298,2016 / 07,8.3333,83.3333,10
1001667,3298,2016 / 08,16.675,166.5833,9.99
1001667,3298,2016 / 09,25,250.25,10.01
1001667,3298,2016 / 10,33.3333,333.3333,10
1001667,3298,2016 / 11,41.6917,415.666,9.97
1001667,3298,2016 / 12,41.6917,416.0828,9.98
1001667,3299,2016 / 07,2540.1867,25401.8667,10
1001667,3299,2016 / 08,2540.1867,25401.8667,10
1001667,3299,2016 / 09,2540.1867,25452.6703,10.02
1001667,3299,2016 / 10,2540.1867,25452.6703,10.02
1001667,3299,2016 / 11,2540.1867,25376.4648,9.99
1001667,3299,2016 / 12,2540.1867,25427.2685,10.01
1001667,3476,2016 / 01,2214.105,20214.7787,9.13
1001667,3476,2016 / 02,2214.105,20104.0733,9.08
1001667,3476,2016 / 03,2223.6083,21079.807,9.48
1001667,3476,2016 / 04,2223.6083,21635.7092,9.73
1001667,3476,2016 / 05,2223.6083,21880.306,9.84
1001667,3476,2016 / 06,2232.9733,21682.171,9.71
1001667,3476,2016 / 07,2232.9733,22396.7225,10.03
1001667,3476,2016 / 08,2232.9733,22820.9875,10.22
1001667,3476,2016 / 09,2241.95,22935.1485,10.23
1001667,3476,2016 / 10,2241.95,22845.4705,10.19
1001667,3476,2016 / 11,2241.95,24123.382,10.76
1001667,3476,2016 / 12,2316.24,24459.4943,10.56
1001667,3535,2016 / 01,385.28,7717.1583,20.03
1001667,3535,2016 / 02,385.28,7632.3968,19.81
1001667,3535,2016 / 03,387.0933,8194.7658,21.17
1001667,3535,2016 / 04,387.0933,8461.8603,21.86
1001667,3535,2016 / 05,387.0933,8477.344,21.9
1001667,3535,2016 / 06,388.9067,8345.937,21.46
1001667,3535,2016 / 07,388.9067,8688.175,22.34
1001667,3535,2016 / 08,388.9067,8917.6298,22.93
1001667,3535,2016 / 09,390.63,8925.8955,22.85
1001667,3535,2016 / 10,390.63,8851.6758,22.66
1001667,3535,2016 / 11,390.63,9664.1862,24.74
1001667,3535,2016 / 12,415.81,9842.2227,23.67
1001667,3579,2016 / 01,1705.4367,26980.008,15.82
1001667,3579,2016 / 02,1705.4367,27628.074,16.2
1001667,3579,2016 / 03,1705.4367,28907.1515,16.95
1001667,3579,2016 / 04,1705.4367,29111.8038,17.07
1001667,3579,2016 / 05,1705.4367,29674.598,17.4
1001667,3579,2016 / 06,1705.4367,29231.1845,17.14
1001667,3579,2016 / 07,1705.4367,30407.9358,17.83
1001667,3579,2016 / 08,1705.4367,30561.425,17.92
1001667,3579,2016 / 09,1705.4367,30936.6212,18.14
1001667,3579,2016 / 10,1705.4367,29879.2503,17.52
1001667,3579,2016 / 11,1705.4367,29947.4678,17.56
1001667,3579,2016 / 12,1720.3667,29762.3433,17.3
1001667,4008,2016 / 01,3183.04,38260.1407,12.02
1001667,4008,2016 / 02,3183.04,38037.3283,11.95
1001667,4008,2016 / 03,3107.975,40465.8345,13.02
1001667,4008,2016 / 04,3107.975,40372.5953,12.99
1001667,4008,2016 / 05,3107.975,40155.037,12.92
1001667,4008,2016 / 06,3121.8033,41551.2022,13.31
1001667,4008,2016 / 07,3121.8033,43580.3743,13.96
1001667,4008,2016 / 08,3121.8033,42675.0515,13.67
1001667,4008,2016 / 09,3008.995,40591.3427,13.49
1001667,4008,2016 / 10,3008.995,38304.5063,12.73
1001667,4008,2016 / 11,3008.995,37191.1783,12.36
1001667,4008,2016 / 12,3092.6433,38070.4393,12.31
1001667,4063,2016 / 01,1559.6067,19307.9305,12.38
1001667,4063,2016 / 02,1559.6067,19292.3345,12.37
1001667,4063,2016 / 03,1559.6067,20618.0002,13.22
1001667,4063,2016 / 04,1559.6067,20836.345,13.36
1001667,4063,2016 / 05,1559.6067,21101.4782,13.53
1001667,4063,2016 / 06,1559.6067,20711.5765,13.28
1001667,4063,2016 / 07,1559.6067,21709.7248,13.92
1001667,4063,2016 / 08,1559.6067,21974.858,14.09
1001667,4063,2016 / 09,1559.6067,22021.6462,14.12
1001667,4063,2016 / 10,1559.6067,21304.227,13.66
1001667,4063,2016 / 11,1559.6067,21662.9367,13.89
1001667,4063,2016 / 12,1580.2717,21949.9735,13.89
1001667,4710,2016 / 01,654.71,10187.2877,15.56
1001667,4710,2016 / 02,654.71,10259.3057,15.67
1001667,4710,2016 / 03,654.71,10986.0338,16.78
1001667,4710,2016 / 04,654.71,11025.3163,16.84
1001667,4710,2016 / 05,654.71,11234.8237,17.16
1001667,4710,2016 / 06,654.71,11149.7113,17.03
1001667,4710,2016 / 07,654.71,11608.0083,17.73
1001667,4710,2016 / 08,654.71,11621.1025,17.75
1001667,4710,2016 / 09,654.71,11614.5553,17.74
1001667,4710,2016 / 10,654.71,11339.5772,17.32
1001667,4710,2016 / 11,654.71,11712.7618,17.89
1001667,4710,2016 / 12,725.8383,11722.2892,16.15
1001667,4711,2016 / 01,9041.0667,147733.2828,16.3402
1001667,4711,2016 / 02,9041.0667,149276.5353,16.5109
1001667,4711,2016 / 03,3883.215,68574.4587,17.6592
1001667,4711,2016 / 04,3883.215,68807.7362,17.7193
1001667,4711,2016 / 05,3883.215,70247.3593,18.09
1001667,4711,2016 / 06,3883.215,69742.5415,17.96
1001667,4711,2016 / 07,3883.215,72654.9528,18.71
1001667,4711,2016 / 08,3883.215,72771.449,18.74
1001667,4711,2016 / 09,3883.215,72771.449,18.74
1001667,4711,2016 / 10,3883.215,71101.6668,18.31
1001667,4711,2016 / 11,3883.215,73470.4277,18.92
1001667,4711,2016 / 12,4316.48,73595.9842,17.05
1001726,11540,2016 / 08,5013.7417,114513.8597,22.84
1001726,11540,2016 / 09,5021.27,113932.6163,22.69
1001726,11540,2016 / 10,5028.8667,112596.3247,22.39
1001726,11540,2016 / 11,19664.64,451893.4272,22.98
1001726,11540,2016 / 12,18736.6867,438813.2018,23.42
1001726,11660,2016 / 01,35.7183,657.9317,18.42
1001726,11660,2016 / 02,35.7183,620.7847,17.38
1001726,11660,2016 / 03,35.7183,718.2957,20.11
1001726,11660,2016 / 04,35.7183,823.3077,23.05
1001726,11660,2016 / 05,35.7183,790.0895,22.12
1001726,11660,2016 / 06,35.7183,795.4473,22.27
1001726,11660,2016 / 07,35.7183,769.0157,21.53
1001726,11660,2016 / 08,35.7183,772.5875,21.63
1001726,11660,2016 / 09,35.7183,812.2348,22.74
1001726,11660,2016 / 10,35.7183,771.516,21.6
1001726,11678,2016 / 01,107.3717,2321.3753,21.62
1001726,11678,2016 / 02,107.3717,2192.5293,20.42
1001726,11678,2016 / 03,134.6183,3182.3775,23.64
1001726,11678,2016 / 04,134.6183,3650.8492,27.12
1001726,11678,2016 / 05,134.6183,3506.8077,26.05
1001726,11678,2016 / 06,134.6183,3535.0773,26.26
1001726,11678,2016 / 07,134.6183,3419.3057,25.4
1001726,11678,2016 / 08,134.6183,3436.806,25.53
1001726,11678,2016 / 09,134.6183,3617.1947,26.87
1001726,11678,2016 / 10,134.6183,3439.4985,25.55
1001726,11678,2016 / 11,134.6183,3825.853,28.42
1001726,11678,2016 / 12,136.3317,3839.0998,28.16
1001726,19237,2016 / 01,1324.9383,20284.8058,15.31
1001726,19237,2016 / 02,1324.9383,19900.5738,15.02
1001726,19237,2016 / 03,1324.9383,21238.7615,16.03
1001726,19237,2016 / 04,1324.9383,21106.2677,15.93
1001726,19237,2016 / 05,1324.9383,21914.48,16.54
1001726,19237,2016 / 06,1324.9383,21503.7492,16.23
1001726,19237,2016 / 07,1324.9383,22841.9368,17.24
1001726,19237,2016 / 08,1324.9383,22815.4382,17.22
1001726,19237,2016 / 09,1324.9383,23226.169,17.53
1001726,19237,2016 / 10,1324.9383,22828.6875,17.23
1001726,19237,2016 / 11,1324.9383,22749.1912,17.17
1001726,19237,2016 / 12,1377.175,22888.6485,16.62
1001726,3164,2016 / 07,48.5888,504.3512,10.38
1001726,3164,2016 / 08,48.5888,512.6113,10.55
1001726,3164,2016 / 09,48.5888,518.442,10.67
1001726,3164,2016 / 10,48.5888,516.9843,10.64
1001726,3164,2016 / 11,48.5888,516.0125,10.62
1001726,3164,2016 / 12,48.5888,534.9621,11.01
1001726,3181,2016 / 07,163.9229,1670.3745,10.19
1001726,3181,2016 / 08,163.9229,1711.3552,10.44
1001726,3181,2016 / 09,163.9229,1722.8299,10.51
1001726,3181,2016 / 10,163.9229,1655.6215,10.1
1001726,3181,2016 / 11,163.9229,1835.9367,11.2
1001726,3181,2016 / 12,163.9229,1891.6705,11.54
1001726,3207,2016 / 07,871.2171,8799.2925,10.1
1001726,3207,2016 / 08,877.1808,8789.352,10.02
1001726,3207,2016 / 09,883.1446,8796.12,9.96
1001726,3207,2016 / 10,889.2421,8803.497,9.9
1001726,3207,2016 / 11,895.3042,9096.2908,10.16
1001726,3207,2016 / 12,901.0912,9416.4036,10.45
1001726,3306,2016 / 07,2551.8146,25594.7003,10.03
1001726,3306,2016 / 08,2551.8146,25594.7003,10.03
1001726,3306,2016 / 09,2551.8146,25671.2547,10.06
1001726,3306,2016 / 10,2551.8146,25620.2184,10.04
1001726,3306,2016 / 11,2551.8146,25569.1821,10.02
1001726,3306,2016 / 12,2551.8146,25722.291,10.08
1001726,3315,2016 / 07,86.3058,868.2367,10.06
1001726,3315,2016 / 08,86.3058,868.2367,10.06
1001726,3315,2016 / 09,86.3058,870.8259,10.09
1001726,3315,2016 / 10,86.3058,867.3736,10.05
1001726,3315,2016 / 11,86.3058,868.2367,10.06
1001726,3315,2016 / 12,86.3058,875.1412,10.14
1001726,3457,2016 / 06,909.7521,9898.1027,10.88
1001726,3457,2016 / 07,909.7521,10043.663,11.04
1001726,3457,2016 / 08,909.7521,9998.1754,10.99
1001726,3457,2016 / 09,909.7521,10098.2481,11.1
1001726,3457,2016 / 10,94.3983,1028.9418,10.9
1001726,3457,2016 / 11,94.3983,1023.2779,10.84
1001726,3457,2016 / 12,101.7104,1034.395,10.17
1001726,3460,2016 / 01,8331.4783,85814.2268,10.3
1001726,3460,2016 / 02,8331.4783,86397.4303,10.37
1001726,3460,2016 / 03,8331.4783,88147.0408,10.58
1001726,3460,2016 / 04,8331.4783,90813.1138,10.9
1001726,3460,2016 / 05,8331.4783,91979.5208,11.04
1001726,3460,2016 / 06,8331.4783,95062.1678,11.41
1001726,3460,2016 / 07,8331.4783,96478.5192,11.58
1001726,3460,2016 / 08,8331.4783,96145.26,11.54
1001726,3460,2016 / 09,8331.4783,97228.3522,11.67
1001726,3460,2016 / 10,8331.4783,95562.0565,11.47
1001726,3461,2016 / 01,6418.745,65471.199,10.2
1001726,3461,2016 / 02,6418.745,65856.3237,10.26
1001726,3461,2016 / 03,6418.745,67204.2602,10.47
1001726,3461,2016 / 04,6418.745,69194.0712,10.78
1001726,3461,2016 / 05,6403.6217,69927.5487,10.92
1001726,3461,2016 / 06,6403.6217,72232.8523,11.28
1001726,3461,2016 / 07,6403.6217,73321.4682,11.45
1001726,3461,2016 / 08,6403.6217,73065.3233,11.41
1001726,3461,2016 / 09,6403.6217,73833.7578,11.53
1001726,3461,2016 / 10,6403.6217,72617.0697,11.34
1001726,3461,2016 / 11,6403.6217,72168.8163,11.27
1001726,3461,2016 / 12,6936.9917,72977.1523,10.52
1001726,3476,2016 / 01,10275.48,93815.1325,9.13
1001726,3476,2016 / 02,10275.48,93301.3583,9.08
1001726,3476,2016 / 03,10319.58,97829.6185,9.48
1001726,3476,2016 / 04,10319.58,100409.5133,9.73
1001726,3476,2016 / 05,10305.4617,101405.7428,9.84
1001726,3476,2016 / 06,10348.865,100487.4792,9.71
1001726,3476,2016 / 07,10348.865,103799.1158,10.03
1001726,3476,2016 / 08,10348.865,105765.4003,10.22
1001726,3476,2016 / 09,10390.4633,106294.44,10.23
1001726,3476,2016 / 10,10390.4633,105878.8213,10.19
1001726,3476,2016 / 11,10390.4633,111801.3853,10.76
1001726,3476,2016 / 12,10734.765,113359.1185,10.56
1001726,3493,2016 / 01,77.5,1678.65,21.66
1001726,3493,2016 / 02,77.5,1656.95,21.38
1001726,3493,2016 / 03,77.65,1761.8785,22.69
1001726,3493,2016 / 04,77.65,1824.775,23.5
1001726,3493,2016 / 05,71.785,1707.7652,23.79
1001726,3493,2016 / 06,71.9133,1677.019,23.32
1001726,3493,2016 / 07,71.9133,1741.741,24.22
1001726,3493,2016 / 08,71.9133,1786.3272,24.84
1001726,3493,2016 / 09,72.0283,1797.8272,24.96
1001726,3493,2016 / 10,72.0283,1793.5055,24.9
1001726,3493,2016 / 11,72.0283,1953.4083,27.12
1001726,3493,2016 / 12,76.3017,1988.4215,26.06
1001726,3532,2016 / 06,5817.0688,124834.2953,21.46
1001726,3532,2016 / 07,5069.5983,113254.8268,22.34
1001726,3532,2016 / 08,4169.9175,95657.9076,22.94
1001726,3532,2016 / 09,3420.2062,78117.5108,22.84
1001726,3532,2016 / 10,3222.8262,73029.2428,22.66
1001726,3532,2016 / 11,2684.7925,66421.7664,24.74
1001726,3532,2016 / 12,2813.6183,66570.2099,23.66
1001726,3538,2016 / 06,883.435,18967.3495,21.47
1001726,3538,2016 / 07,883.435,19727.1035,22.33
1001726,3538,2016 / 08,883.435,20239.4958,22.91
1001726,3538,2016 / 09,885.7154,20238.5973,22.85
1001726,3538,2016 / 10,885.7154,20061.4542,22.65
1001726,3538,2016 / 11,885.7154,21886.0279,24.71
1001726,3538,2016 / 12,941.0842,22275.4622,23.67
1001726,4008,2016 / 01,10217.145,122810.083,12.02
1001726,4008,2016 / 02,9404.1717,112379.8527,11.95
1001726,4008,2016 / 03,9228.675,120157.3488,13.02
1001726,4008,2016 / 04,9142.9483,118766.8988,12.99
1001726,4008,2016 / 05,9142.9483,118126.8927,12.92
1001726,4008,2016 / 06,9675.0371,128774.7438,13.31
1001726,4008,2016 / 07,7441.4588,103882.7644,13.96
1001726,4008,2016 / 08,5393.8988,73734.5962,13.67
1001726,4008,2016 / 09,5220.7571,70428.0132,13.49
1001726,4008,2016 / 10,4684.0438,59627.877,12.73
1001726,4008,2016 / 11,4547.7258,56209.8916,12.36
1001726,4008,2016 / 12,4616.2458,56825.9862,12.31
1001726,4016,2016 / 01,113.3317,2820.8252,24.89
1001726,4016,2016 / 02,113.3317,2810.6253,24.8
1001726,4016,2016 / 03,113.3317,3056.555,26.97
1001726,4016,2016 / 04,113.3317,3072.4215,27.11
1001726,4016,2016 / 05,108.2367,2952.6963,27.28
1001726,4016,2016 / 06,108.2367,3017.6383,27.88
1001726,4016,2016 / 07,108.2367,3141.028,29.02
1001726,4016,2016 / 08,108.2367,3173.499,29.32
1001726,4016,2016 / 09,108.2367,3243.8528,29.97
1001726,4016,2016 / 10,108.2367,3157.2635,29.17
1001726,4016,2016 / 11,108.2367,3045.7798,28.14
1001726,4016,2016 / 12,109.7267,3017.4833,27.5
1001726,4018,2016 / 01,244.2133,6554.6858,26.84
1001726,4018,2016 / 02,244.2133,6537.591,26.77
1001726,4018,2016 / 03,244.2133,7116.3765,29.14
1001726,4018,2016 / 04,244.2133,7157.8928,29.31
1001726,4018,2016 / 05,244.2133,7206.7355,29.51
1001726,4018,2016 / 06,244.2133,7375.2427,30.2
1001726,4018,2016 / 07,244.2133,7680.5095,31.45
1001726,4018,2016 / 08,244.2133,7765.984,31.8
1001726,4018,2016 / 09,244.2133,7946.7018,32.54
1001726,4018,2016 / 10,244.2133,7739.1207,31.69
1001726,4018,2016 / 11,244.2133,7475.3702,30.61
1001726,4018,2016 / 12,249.8167,7412.0605,29.67
1001726,4710,2016 / 06,339.0479,5773.986,17.03
1001726,4710,2016 / 07,339.0479,6011.3196,17.73
1001726,4710,2016 / 08,339.0479,6018.1005,17.75
1001726,4710,2016 / 09,339.0479,6014.71,17.74
1001726,4710,2016 / 10,339.0479,5872.3099,17.32
1001726,4710,2016 / 11,339.0479,6065.5672,17.89
1001726,4710,2016 / 12,375.8829,6070.5091,16.15
1002143,11540,2016 / 01,261.7333,5449.288,20.82
1002143,11540,2016 / 02,261.7333,5512.104,21.06
1002143,11540,2016 / 03,261.7333,5794.776,22.14
1002143,11540,2016 / 04,261.7333,5841.888,22.32
1002143,11540,2016 / 05,261.7333,5870.6787,22.43
1002143,11540,2016 / 06,261.7333,6006.78,22.95
1002143,11540,2016 / 07,261.7333,6056.5093,23.14
1002143,11540,2016 / 08,261.7333,5977.9893,22.84
1002143,11540,2016 / 09,261.7333,5938.7293,22.69
1002143,11540,2016 / 10,261.7333,5860.2093,22.39
1002143,11540,2016 / 11,261.7333,6014.632,22.98
1002143,11540,2016 / 12,261.7333,6129.7947,23.42
1002143,13872,2016 / 01,20.2183,660.9373,32.69
1002143,13872,2016 / 02,20.2183,636.4732,31.48
1002143,13872,2016 / 03,20.2183,676.5055,33.46
1002143,13872,2016 / 04,20.2183,667.0028,32.99
1002143,13872,2016 / 05,20.2183,701.1718,34.68
1002143,13872,2016 / 06,20.2183,678.7295,33.57
1002143,13872,2016 / 07,20.2183,735.1387,36.36
1002143,13872,2016 / 08,20.2183,736.1495,36.41
1002143,13872,2016 / 09,20.2183,757.581,37.47
1002143,13872,2016 / 10,20.2183,743.6303,36.78
1002143,13872,2016 / 11,20.2183,738.5757,36.53
1002143,13872,2016 / 12,21.5967,738.39,34.19
1002143,14142,2016 / 01,3145.825,54139.6483,17.21
1002143,14142,2016 / 02,3145.825,54737.355,17.4
1002143,14142,2016 / 03,3157.1867,58186.9503,18.43
1002143,14142,2016 / 04,3157.1867,58913.1032,18.66
1002143,14142,2016 / 05,3157.1867,59070.9625,18.71
1002143,14142,2016 / 06,3168.3817,60167.5678,18.99
1002143,14142,2016 / 07,3168.3817,61149.7662,19.3
1002143,14142,2016 / 08,3168.3817,60611.1413,19.13
1002143,14142,2016 / 09,3180.555,60239.7117,18.94
1002143,14142,2016 / 10,3180.555,59889.8507,18.83
1002143,14142,2016 / 11,3180.555,61480.1282,19.33
1002143,14142,2016 / 12,3276.2333,63231.3033,19.3
1002143,18654,2016 / 01,2262.615,19232.2275,8.5
1002143,18654,2016 / 02,2266.205,19217.4183,8.48
1002143,18654,2016 / 03,2269.775,19383.8785,8.54
1002143,18654,2016 / 04,2273.3833,19528.3628,8.59
1002143,18654,2016 / 05,2276.9917,19559.3585,8.59
1002143,18654,2016 / 06,2280.5833,19681.4342,8.63
1002143,18654,2016 / 07,2284.1633,19780.8545,8.66
1002143,18654,2016 / 08,2287.7467,19789.0087,8.65
1002143,18654,2016 / 09,2291.33,19820.0045,8.65
1002143,18654,2016 / 10,2294.9183,19828.0943,8.64
1002143,18654,2016 / 11,2298.59,19721.9022,8.58
1002143,18654,2016 / 12,2302.2633,19753.4193,8.58
1002143,19233,2016 / 01,27760.6817,419033.1085,15.0945
1002143,19233,2016 / 02,27760.6817,411370.9435,14.8185
1002143,19233,2016 / 03,27760.6817,438700.8335,15.803
1002143,19233,2016 / 04,27760.6817,436103.8963,15.7094
1002143,19233,2016 / 05,27760.6817,452499.1112,16.3
1002143,19233,2016 / 06,27760.6817,443893.3,15.99
1002143,19233,2016 / 07,27760.6817,471376.3747,16.98
1002143,19233,2016 / 08,27760.6817,470821.1612,16.96
1002143,19233,2016 / 09,27760.6817,479149.3657,17.26
1002143,19233,2016 / 10,16757.5333,284375.3408,16.97
1002143,19233,2016 / 11,16757.5333,283202.3133,16.9
1002143,19233,2016 / 12,17425.11,284726.2975,16.34
1002143,19235,2016 / 01,2113.965,30102.8617,14.24
1002143,19235,2016 / 02,1317.6167,18393.9287,13.96
1002143,19235,2016 / 03,1317.6167,19606.136,14.88
1002143,19235,2016 / 04,1317.6167,19474.3743,14.78
1002143,19235,2016 / 05,1317.6167,20199.0635,15.33
1002143,19235,2016 / 06,1317.6167,19803.7785,15.03
1002143,19235,2016 / 07,1317.6167,21015.9858,15.95
1002143,19235,2016 / 08,1317.6167,20976.4573,15.92
1002143,19235,2016 / 09,1317.6167,21332.2138,16.19
1002143,19235,2016 / 10,1317.6167,20963.2812,15.91
1002143,19235,2016 / 11,1317.6167,20871.048,15.84
1002143,19235,2016 / 12,1374.185,20970.0632,15.26
1002143,19237,2016 / 02,0,0,-1
1002143,19237,2016 / 03,0,0,-1
1002143,19237,2016 / 04,0,0,-1
1002143,19237,2016 / 05,0,0,-1
1002143,19237,2016 / 06,0,0,-1
1002143,19496,2016 / 01,48.8783,1505.9415,30.81
1002143,19496,2016 / 02,48.8783,1493.2332,30.55
1002143,19496,2016 / 03,48.8783,1602.7205,32.79
1002143,19496,2016 / 04,48.8783,1620.8055,33.16
1002143,19496,2016 / 05,48.8783,1667.24,34.11
1002143,19496,2016 / 06,48.8783,1640.3568,33.56
1002143,19496,2016 / 07,48.8783,1727.8492,35.35
1002143,19496,2016 / 08,48.8783,1724.4277,35.28
1002143,19496,2016 / 09,48.8783,1725.4052,35.3
1002143,19496,2016 / 10,48.8783,1655.5092,33.87
1002143,19496,2016 / 11,48.8783,1707.3202,34.93
1002143,19496,2016 / 12,50.185,1686.7178,33.61
1002143,20055,2016 / 01,1177.8317,11436.7455,9.71
1002143,20055,2016 / 02,1177.8317,11672.3118,9.91
1002143,20055,2016 / 03,1177.8317,12932.5917,10.98
1002143,20055,2016 / 04,1177.8317,13191.7147,11.2
1002143,20055,2016 / 05,1177.8317,13179.9363,11.19
1002143,20055,2016 / 06,1177.8317,12178.7795,10.34
1002143,20055,2016 / 07,1177.8317,13132.8232,11.15
1002143,20055,2016 / 08,1177.8317,13344.8328,11.33
1002143,20055,2016 / 09,1177.8317,13533.2858,11.49
1002143,20055,2016 / 10,1177.8317,13191.7147,11.2
1002143,20055,2016 / 11,1177.8317,14746.4525,12.52
1002143,20055,2016 / 12,1190.9483,15065.4965,12.65
1002143,20056,2016 / 01,0,0,-1
1002143,20056,2016 / 02,0,0,-1
1002143,20056,2016 / 03,0,0,-1
1002143,20056,2016 / 04,0,0,-1
1002143,20056,2016 / 05,0,0,-1
1002143,3462,2016 / 01,422.32,2909.7848,6.89
1002143,3462,2016 / 02,422.32,2914.008,6.9
1002143,3462,2016 / 03,424.965,3013.0018,7.09
1002143,3462,2016 / 04,426.2833,3069.24,7.2
1002143,3462,2016 / 05,427.5767,3074.2762,7.19
1002143,3462,2016 / 06,427.5767,3125.5855,7.31
1002143,3462,2016 / 07,428.8767,3186.5537,7.43
1002143,3462,2016 / 08,430.1283,3204.456,7.45
1002143,3462,2016 / 09,431.3767,3205.1287,7.43
1002143,3462,2016 / 10,432.655,3184.3408,7.36
1002143,3462,2016 / 11,433.9217,3098.2007,7.14
1002143,3462,2016 / 12,435.2517,3129.4595,7.19
1002143,3476,2016 / 01,17564.815,160366.761,9.13
1002143,3476,2016 / 02,17564.815,159488.5202,9.08
1002143,3476,2016 / 03,17640.1983,167229.0802,9.48
1002143,3476,2016 / 04,17640.1983,171639.1298,9.73
1002143,3476,2016 / 05,17640.1983,173579.5517,9.84
1002143,3476,2016 / 06,17714.4933,172007.7303,9.71
1002143,3476,2016 / 07,17714.4933,177676.3682,10.03
1002143,3476,2016 / 08,17714.4933,181042.1218,10.22
1002143,3476,2016 / 09,17785.7033,181947.7452,10.23
1002143,3476,2016 / 10,17785.7033,181236.317,10.19
1002143,3476,2016 / 11,17785.7033,191374.1678,10.76
1002143,3476,2016 / 12,18375.0533,194040.5632,10.56
1002143,3539,2016 / 01,0,0,-1
1002143,3539,2016 / 02,0,0,-1
1002143,3539,2016 / 03,0,0,-1
1002143,3539,2016 / 04,0,0,-1
1002143,3539,2016 / 05,0,0,-1
1002143,3542,2016 / 01,7620.905,77352.1858,10.15
1002143,3542,2016 / 02,7620.905,77047.3495,10.11
1002143,3542,2016 / 03,7620.905,77580.8128,10.18
1002143,3542,2016 / 04,7620.905,78190.4853,10.26
1002143,3542,2016 / 05,7620.905,78647.7397,10.32
1002143,3542,2016 / 06,7620.905,80095.7115,10.51
1002143,3542,2016 / 07,7620.905,79867.0843,10.48
1002143,3542,2016 / 08,7620.905,79943.2935,10.49
1002143,3542,2016 / 09,7620.905,79409.8302,10.42
1002143,3542,2016 / 10,7620.905,78190.4853,10.26
1002143,3542,2016 / 11,7620.905,74151.4057,9.73
1002143,3542,2016 / 12,7620.905,74303.8238,9.75
1002143,3579,2016 / 01,359.725,5690.8495,15.82
1002143,3579,2016 / 02,359.725,5827.545,16.2
1002143,3579,2016 / 03,359.725,6097.3387,16.95
1002143,3579,2016 / 04,359.725,6140.5057,17.07
1002143,3579,2016 / 05,359.725,6259.215,17.4
1002143,3579,2016 / 06,359.725,6165.6865,17.14
1002143,3579,2016 / 07,359.725,6413.8968,17.83
1002143,3579,2016 / 08,359.725,6446.272,17.92
1002143,3579,2016 / 09,359.725,6525.4115,18.14
1002143,3579,2016 / 10,359.725,6302.382,17.52
1002143,3579,2016 / 11,359.725,6316.771,17.56
1002143,3579,2016 / 12,362.8733,6277.7087,17.3
1002143,3584,2016 / 01,31.6083,790.2083,25
